gene,pmg,pasef
A2M,4.954098228914426e-05,0.0005930883922945483
AAK1,2.3767187061079047e-05,2.8548064721629716e-06
AARS,3.499121611173535e-05,0.00015475762675731323
ABAT,1.799270300081063e-05,6.972823723460966e-05
ABCE1,1.351329767136284e-06,4.999873074576134e-05
ABCF1,2.5488364380693333e-05,3.2594917235109094e-05
ABHD10,4.144247923562741e-06,0.0003272404088310988
ABHD12,1.739865431572261e-05,0.0007637663779246864
ABHD14B,7.897529061883715e-05,2.0128615946305327e-05
ABI1,3.6908268292638675e-05,0.00011114464733086379
ABR,2.0307627875768204e-05,4.3759710844632145e-05
ACAA1,4.919476338396945e-05,0.0007716311819392801
ACAA2,4.6279205120172416e-05,0.0012160806476147344
ACADM,4.9651075323817736e-05,0.0006640623792695292
ACADVL,2.3238503605913864e-05,0.0007028141468115852
ACAT1,0.00016597749571321054,0.0018191761226293442
ACBD3,1.3106933118507187e-05,2.4653812883060366e-05
ACIN1,8.28542432372923e-05,6.375333388620937e-05
ACLY,7.14990420698314e-05,0.00029840768515819466
ACO1,1.112885197600515e-05,8.173086724195604e-05
ACO2,0.00026919754509295297,0.0033239068160931225
ACOT1,1.2440051185827017e-05,0.0001707806976228661
ACOT2,1.2440051185827017e-05,0.0001707806976228661
ACOT7,2.3989240134843315e-05,1.3961347708667484e-05
ACOT9,3.046971284397424e-06,0.0005323122388832662
ACP1,7.89291173913118e-05,6.477018261421561e-05
ACSL1,4.122498325866673e-05,0.0007700318094810885
ACSL3,1.1166934851055401e-05,0.00046490382537012535
ACSS1,2.748632008634758e-06,0.00015656242320096067
ACTG1,0.023637982325273345,0.013539201418555804
ACTL6A,2.6960246422303396e-05,1.2602321313459145e-05
ACTN1,6.451467892118477e-05,0.0013048678287570976
ACTN2,7.055630521566178e-06,2.8621430430721075e-06
ACTN4,6.930902581298804e-05,0.0019080953620480715
ACTR1A,0.00011114176919778617,0.0002742116742998644
ACTR2,0.00014824456730552074,0.0006360513515384482
ACTR3,0.00017143316367507463,0.002066858756521773
ADAM10,2.8055455303888227e-06,0.0003856395132678208
ADAR,8.50701566521825e-05,1.2981622029461473e-05
ADH5,3.908804613816119e-05,0.00016476470947737463
ADK,1.8237621859858104e-05,5.787233864544601e-06
ADPGK,1.179651684602162e-05,0.0009589778566749752
ADPRHL2,2.0424185162295225e-05,3.723016273550117e-05
ADRBK1,3.39132318515491e-06,3.849498756023621e-06
ADSL,5.5033669134293875e-06,2.551512630779292e-05
ADSS,1.152865190042568e-06,4.619691970064709e-06
AFG3L2,4.876093579839437e-06,0.0006666888716549998
AGA,1.278618978973657e-05,0.00010513306112791782
AGPS,1.6708284262953464e-06,0.0007731131692629256
AHCY,9.669777986204293e-05,0.00035366673724580643
AHCYL1,5.693259330456442e-05,4.699367130137926e-05
AHSA1,4.804364474644632e-05,1.4568228854271208e-05
AIF1,0.00044365686194940596,0.000376527492198674
AIFM1,2.4781793547657685e-05,0.0037900725316596193
AIMP1,2.9666840718573775e-05,3.1850988944922706e-05
AIMP2,8.415753277248593e-06,2.6416057215434816e-05
AIP,3.7536023433820186e-05,3.813109364314306e-05
AK1,9.077977736543597e-05,1.0962744446685448e-05
AK2,0.00012186700693927088,0.0007230777556626186
AK3,3.777510037581989e-05,0.0002227969853686398
AKAP13,1.2153194990996742e-05,8.109992214377036e-06
AKR1A1,0.00013542306503438545,0.0008967490622236842
AKR1B1,0.00020502338368710946,0.0004898188201775509
AKR7A2,3.410493104704454e-05,7.818583617866156e-05
ALAD,8.117735206546973e-06,1.2655438086841289e-05
ALCAM,2.888697490567072e-06,9.44231349147612e-05
ALDH16A1,4.13571591412871e-05,0.00011988250328364469
ALDH1A1,9.322173884203717e-06,0.00010705671002029325
ALDH2,0.00014698403819407888,1.5525651357913445e-05
ALDH3A2,1.665145104246466e-05,0.00015964378298279774
ALDH4A1,3.08404236350538e-05,0.00023450615253962074
ALDH5A1,3.781195865657491e-05,2.69604307768927e-05
ALDH6A1,5.0193108864332634e-05,0.0003485898301766844
ALDH7A1,3.123100898928558e-05,0.0005768598974435396
ALDH9A1,7.680093310871976e-05,0.0005330018765487251
ALDOA,0.0011154708983419344,0.0020379526671397774
ALDOC,0.00020758941061853963,0.00016877047719376283
ALOX5,3.8959423586528637e-05,0.0001458026083056219
ALOX5AP,0.00022188102830344924,0.0005215128065050182
ALYREF,0.0003044046310810275,1.2957704808297689e-05
ANKRD44,1.794855738023314e-05,5.8493012544358905e-06
ANP32A,0.0003320409137802508,7.026380691097658e-05
ANP32B,0.00013764861460110702,0.00011004562900867523
ANP32E,8.158307420820328e-05,1.7986337240837635e-06
ANXA1,0.0001293215139207071,0.0014212845359432664
ANXA11,6.528512941073592e-05,0.0007634875882301393
ANXA2,0.00010221840753244028,0.006794251587532598
ANXA2P2,0.00010221840753244028,0.006794251587532598
ANXA4,7.8956821327827e-05,0.0014855088776818423
ANXA5,0.0008312044193163408,0.0035636659534036847
ANXA6,7.321210896165428e-05,0.004758940085920109
ANXA7,6.280626950274706e-05,0.00046710479664286613
AP1B1,2.618804938023281e-05,0.00041547001058436745
AP2A1,6.854734823666671e-05,0.00015493370445913247
AP2A2,3.9350189618607255e-05,0.00031055337829826915
AP2B1,7.766134109068006e-05,3.6148752183494534e-05
AP2M1,7.751854536572887e-05,0.0003722282616459203
AP3D1,1.5855946558151938e-05,7.004957904042981e-05
AP3S1,5.508947851365059e-06,3.719054525259184e-05
APBB1IP,8.906835664955094e-05,6.503136453858085e-06
APEH,5.1532132462567594e-05,0.00011450039486470257
APEX1,0.00022524585207106787,6.260149225347502e-05
API5,8.428019295517282e-05,1.0481171932209767e-05
APMAP,0.0006140457076697552,0.0007389540951099887
APOA1,3.783163246656397e-05,2.933747975145274e-05
APOA1BP,6.099282602934735e-06,9.223536946965686e-05
APOBR,2.1457662446210305e-05,0.00020988462056856057
APOC3,4.9479230616158194e-05,1.5443481763731123e-05
APOE,6.010248575076084e-05,0.0004894666647739124
APOL2,1.9636349448814967e-05,8.216079029723141e-05
APOO,2.745273408215197e-05,0.00032860501102019814
APOOL,2.3151436959054117e-05,0.00017210128038651056
APP,0.00029557289717440814,4.889677779520912e-06
APPL1,2.923070447162243e-05,1.6413376437918892e-05
APPL2,7.06259665632761e-06,4.557477848755237e-05
APRT,8.280345268701443e-05,6.825798842441883e-05
ARCN1,9.579137933040413e-05,6.600125921276862e-05
ARF1,0.00015499469166339966,0.0005468826687088102
ARF3,0.00015499469166339966,0.0005468826687088102
ARF4,4.51281065579656e-06,7.758130273574876e-05
ARF5,8.549675712388404e-06,2.960893287509077e-05
ARFIP1,1.4962896111862845e-05,6.99189880782472e-06
ARHGAP1,3.427021112626895e-05,0.00030006575018365935
ARHGAP17,1.9210612215714987e-05,3.0115156267821148e-05
ARHGAP25,3.552381425358203e-05,5.035235346358169e-05
ARHGAP4,4.077391097637675e-05,9.743406361587058e-05
ARHGAP9,1.540120049297625e-05,2.3716199120872792e-06
ARHGDIA,0.00031093051415566374,0.000536508757443292
ARHGDIB,0.000697088658880412,0.00037328472785683593
ARHGEF1,2.0842012720766953e-05,3.179082906346779e-05
ARHGEF2,2.244263776590746e-05,1.638403015428235e-05
ARHGEF6,2.8454693119451928e-05,1.193924203469144e-05
ARL3,2.1565386593558565e-05,9.779942484714554e-06
ARL6IP5,0.00024478254764969336,0.0004088964430497817
ARL8A,2.0817781813974306e-05,0.001249139236131301
ARPC1A,9.080968958674586e-06,7.186024474080456e-06
ARPC1B,0.00030561477114851777,0.0008827949043545076
ARPC2,7.770871883718434e-05,0.0008291352247250875
ARPC3,0.00017020636109504257,0.0005460022801997139
ARPC4,0.00014950429340431,0.0003969525056097084
ARPC5,0.0002771088257465127,0.000382734231187803
ARPC5L,4.9166517413913726e-05,5.033034375085428e-05
ARPP19,2.0128415527020925e-05,3.6521449985678637e-06
ARRB1,2.7828363325728798e-05,4.978303556103274e-05
ARRB2,3.729345338678161e-05,5.697140773780412e-05
ARSA,1.3303129184857266e-05,0.00014165010917105097
ASAH1,0.0003166272866664754,0.0020582016028489925
ASNA1,8.463050722487596e-05,0.00021416917797949594
ASPH,6.174103306842107e-06,0.00061412967766195
ATAD3A,2.6828050464366703e-06,0.00028354379249628526
ATCAY,3.133395521135078e-05,9.061105267037417e-06
ATG3,2.2798231843801553e-05,2.2350129617591685e-05
ATIC,5.5522944743531996e-05,0.0003183338117474078
ATOX1,5.382995316802448e-06,0.00010455787396864157
ATP13A1,5.3684005618411765e-06,0.0004051401187443041
ATP1A1,0.0002285265602633251,0.0010003414434606834
ATP1B1,0.00048744995997239974,0.00015218982693911566
ATP1B3,1.657297663098789e-05,0.00010376552431045488
ATP2A2,5.4590225472203744e-05,0.0019491801591392328
ATP2B1,8.89720975153504e-05,0.0002715411624889389
ATP2B4,5.0157455102556546e-05,6.686697458004665e-05
ATP5A1,0.0007639019213690736,0.008309840405941897
ATP5B,0.0008148570892407375,0.012432406331203558
ATP5C1,5.982384036030354e-05,0.0011485988683925022
ATP5D,0.00029806645221393984,0.0005313731578068968
ATP5E,1.4514654449173335e-05,0.0001523218852154801
ATP5EP2,1.4514654449173335e-05,0.0001523218852154801
ATP5F1,9.63838019148706e-05,0.0013333777433099997
ATP5H,0.00013719732149033756,0.0022730163990684923
ATP5I,0.00023369896551197938,0.0004959815397412252
ATP5J,0.00025065497917826446,0.0008408003724706137
ATP5J2,8.716140235275426e-06,0.00035299690832180233
ATP5L,6.585265860297135e-05,0.0004997965566139758
ATP5O,0.00016741769890567495,0.0016747924071375492
ATP6V0A1,8.841861903700409e-05,0.0020869609608128053
ATP6V0D1,8.217981298567757e-05,0.0013222848480953862
ATP6V1A,0.00016006872786210864,0.0026003741930341376
ATP6V1B2,0.00014816948562250127,0.002662148120089062
ATP6V1C1,5.766985929624626e-05,0.0008668451991980462
ATP6V1D,2.6442724843009553e-05,0.000306037718903696
ATP6V1E1,0.000162595808679887,0.001268140954785963
ATP6V1F,7.576986486276253e-05,0.0002989359182636524
ATP6V1G1,7.44272277075908e-05,0.0010181546376280654
ATP6V1H,6.414105720923948e-05,0.0008280200659468988
ATP8A1,6.0995235067305195e-06,4.616023684610142e-05
ATXN10,8.909003799117154e-06,7.764879918811281e-07
ATXN2L,3.793210942472238e-06,1.7358326771015601e-06
B2M,0.000256548891295293,0.00013739196341538848
BAG6,2.3103336501162498e-05,4.2965893872263635e-05
BAIAP2,8.993219751060119e-06,9.970986791188455e-06
BANF1,0.00015966360797886454,0.0008503379146524903
BASP1,0.0021878079720486715,2.5315571579064425e-06
BAX,8.11536631922176e-05,0.00026624415829254276
BAZ1B,0.0002855988777694445,2.3000149800141126e-05
BCAP31,0.00022316364026283805,0.0014979810482273733
BCAS2,0.00011977616274502542,4.975222196321437e-06
BCKDK,7.84442985022957e-05,7.397317716263571e-05
BCL2L13,1.4229665258760388e-05,3.394337896820827e-05
BCLAF1,8.600807543043643e-05,2.48122828146977e-06
BID,6.942024306537517e-05,5.095101764976718e-05
BIN1,0.00040179741839390846,4.700100787228839e-05
BLOC1S1,1.0712329313093921e-05,2.4790273101970293e-05
BLVRB,0.00022865162948396985,0.0005044919619958228
BMP2K,1.6626838704662022e-05,2.8548064721629716e-06
BOLA2,5.2295757344571516e-05,1.5092793674274426e-05
BOP1,1.17842106771203e-05,9.052888307619185e-06
BRI3BP,1.8364357331757014e-05,6.068664724619055e-05
BRIX1,3.2610343822681797e-06,7.78909060281143e-06
BRK1,8.489710742554404e-05,4.4720801633728946e-05
BROX,3.7306120911376606e-05,2.6756474105618723e-05
BSG,6.829120727579894e-05,0.0003836733122641724
BST2,1.3730713347058263e-05,9.773339570896332e-06
BTF3,1.1693470247374841e-06,3.661535809331558e-05
BTF3L4,1.3267595874979066e-05,6.703718302513861e-05
BTK,1.0543254999085902e-05,2.2152042203045014e-05
BUB3,2.9681957431759243e-05,1.3351385203281923e-05
BZW1,1.0355751544700376e-05,1.0544706636282884e-05
C14orf166,9.087668091729025e-05,5.7669849288353856e-05
C1QB,1.5949236553069446e-05,0.00010441114255045884
C1QBP,0.00013211405064612354,0.0010694519414247438
C1QC,4.313001032509714e-05,0.0003450389298566626
C1orf123,4.7706178679185e-05,2.0910694405219217e-05
C20orf27,9.987670620058127e-06,7.4137516351000355e-06
C2CD5,1.2792192309314866e-06,1.5161757440820304e-06
C3,9.711594870089202e-05,6.0262593447642495e-05
C4A,2.9281254118104526e-05,1.6213821709190396e-06
C4B,2.9281254118104526e-05,1.6213821709190396e-06
CA2,0.00018955834368825038,0.0001872439627429671
CAB39,2.928446616871498e-05,6.627711427895212e-05
CACYBP,5.28870155606917e-05,3.5783390952219565e-05
CALR,0.00029709420464478666,0.008296928041141818
CALU,6.415288157054923e-05,0.0007093370920068979
CAMK2B,5.475743278179443e-05,3.467556874494004e-06
CAMK2D,3.3168156561820574e-05,6.683616098222829e-05
CAMK2G,8.032776467900339e-06,3.467556874494004e-06
CAND1,8.578664469147795e-05,0.00019367079885937018
CANX,0.00045335866006513325,0.005320921417559922
CAP1,0.0005458851907031694,0.0006401104561253459
CAPG,0.0009427368541696239,0.003784350006350493
CAPN1,4.409380618608159e-05,0.00019242358180481705
CAPNS1,0.00011293529795740104,4.6433157283921273e-05
CAPRIN1,4.445759099303235e-05,4.548380500827908e-05
CAPZA1,0.00045929111678948733,0.0007331288578081348
CAPZA2,0.00011906730332592983,0.000645750298280326
CAPZB,0.00025297488273166825,0.0009144742175401567
CARKD,5.988908513832849e-06,2.4669953339060462e-05
CARS,1.4361780915431817e-05,5.5129928439611e-05
CASP1,8.563547755962322e-05,0.00021999441528134988
CAST,5.361916234671313e-05,5.631111635598188e-06
CAT,0.0001684015901582911,0.0006129998457419432
CBFB,3.467767982152195e-05,3.441585413475663e-05
CBR1,0.00010813047175048116,0.000303176456249133
CBX1,0.00018099824888669427,1.5196972981184157e-05
CBX3,0.00017489053465090707,5.88378313770883e-05
CCAR1,4.091429766337011e-05,1.7757436228472595e-05
CCAR2,8.509946661400294e-05,2.932720855217995e-05
CCDC124,5.668446239490648e-06,4.582715652682664e-06
CCDC47,1.5591594792911186e-05,0.0004209871119080377
CCDC6,5.236284905169748e-06,1.8351698472112604e-06
CCS,5.38472179400557e-06,4.2728188974807634e-06
CCT2,0.00010388634912824946,0.0006074387249928181
CCT3,0.006146218692480062,0.0004971260448030503
CCT4,7.854688336866723e-05,0.00042579990242443084
CCT5,8.011857988299727e-05,0.0003954705182860629
CCT6A,8.264766823240719e-05,0.00025874618282340585
CCT7,9.86603427850332e-05,0.0003116135127946393
CCT8,0.00014862439229020749,0.0005668087952980233
CD14,2.1568317589740606e-05,0.0013270536191863245
CD163,4.78457021275768e-06,0.002006845606485041
CD2AP,3.906692690539743e-05,1.4014317750631445e-05
CD300A,5.0246107699405205e-06,4.765836462574697e-05
CD47,0.00015337601890889167,0.00011062228348213332
CD74,0.0001518346361221978,9.732254773805171e-05
CD81,5.185976162483439e-05,0.0002224888493904561
CD84,7.5162586544222685e-06,8.97820201576418e-05
CD9,4.347540614230303e-05,0.0002822672291580956
CD99,2.5347415584843143e-05,2.6367635847434516e-05
CDC37,0.00010824831385725236,6.122515155092113e-05
CDC42,0.00015039403142340707,0.0009229259472274812
CDK5RAP3,1.056666281790962e-05,3.25142149551086e-05
CDS2,4.1714700524863785e-05,0.00016197681253190296
CDV3,0.00010778618007567262,4.849766833775212e-06
CEBPB,5.347462006924249e-07,8.416220684124368e-06
CELF2,5.238507242685859e-05,4.248754944898798e-06
CERS2,3.4869619920813177e-06,0.00012396750596585157
CETN2,1.990481665390037e-05,4.2748731373353215e-06
CFL1,0.0025794392502604784,0.002552833213542937
CFL2,6.364597983358623e-06,3.942966669406012e-06
CHCHD2,5.6143231867044195e-05,0.00015145616984820205
CHCHD2P9,5.6143231867044195e-05,0.00015145616984820205
CHCHD3,8.707467698627186e-05,0.0005877033492472424
CHCHD6,4.073986323990589e-05,4.4323159490453785e-05
CHD4,4.7554810794167136e-05,1.933479897393682e-05
CHID1,3.978245132950973e-06,0.0002643366498561674
CHMP1A,2.130416657766301e-05,8.278293151032613e-06
CHMP2A,1.7261319076809187e-05,5.216742110650191e-06
CHMP4A,4.9474613293405665e-05,1.6234364107735977e-05
CHMP4B,9.725687742142591e-05,0.00016181540797190197
CHMP5,3.5082619026919216e-05,3.803278359296064e-05
CHORDC1,9.017832088862758e-06,2.9286123755088788e-05
CHP1,1.3009146252735034e-05,0.00015243927035002626
CIRBP,0.00016946578267616869,6.831521367751009e-06
CISD1,0.00013798686360570462,0.0003683398790640783
CISD2,3.0404568442530872e-05,0.00019286377605936522
CKAP4,2.828824867188122e-05,0.00025366927575428376
CKAP5,1.0845669564060587e-05,1.1008377917740274e-05
CKB,0.0011378894055776307,5.89948339945438e-06
CLCC1,9.239162451239676e-06,7.503257800191494e-05
CLIC1,0.00023293429671352706,0.0009209303999401962
CLIC4,2.0441590461540647e-05,8.806966450744949e-05
CLINT1,2.6754875936397192e-05,1.2601881119204597e-05
CLIP1,2.123787788318967e-06,1.091094825606695e-05
CLNS1A,1.0749930380552602e-06,5.229801206868453e-06
CLTA,0.00021055051977505624,0.0002046022895139827
CLTB,0.00015202755991198846,4.2377500885350934e-05
CLTC,0.00027131769924901885,0.0036169294582040113
CMAS,2.9124184843253094e-05,8.19715067677757e-06
CMPK1,6.495669723581652e-05,7.097985623170826e-05
CNDP2,0.0003855313933493825,0.0020036175152850213
CNP,0.0003951813168477508,9.686181108495798e-05
CNPY2,4.111806212397108e-05,0.00020445555809579997
CNPY3,0.00011366282742066993,0.00011747317339708444
CNRIP1,7.059063400656105e-05,1.0333853588354317e-05
COA6,1.0341678747963304e-05,4.609567502210102e-05
COLGALT1,3.4471727151442603e-06,0.0009507902435403795
COPA,3.237692811988303e-05,0.0006572393683240327
COPB1,5.1296448249025197e-05,0.00018821239010297303
COPB2,3.877354623276466e-05,0.0003805332599150622
COPE,1.8122791050534206e-06,6.703865033932043e-05
COPG1,6.565451523093868e-05,0.0001783226925174578
COPS2,9.83158503570615e-06,4.363205451081318e-05
COPS3,2.9831779517420827e-05,5.0830697886857346e-05
COPS4,2.1818857537356385e-05,5.4805652005427196e-05
COPS7A,5.009152776377689e-06,1.3740663655720676e-05
COPS8,1.522423657965629e-05,1.0475009212646092e-05
COPZ1,3.372693291614249e-05,1.0350434238608964e-05
CORO1A,0.0007529448137241464,0.0005850475105781352
CORO1B,0.00011123833146926311,0.0001941256662557366
CORO1C,7.205131402166714e-05,0.0002514096119142699
CORO7,4.6564696193493246e-05,0.000230148229419594
COTL1,0.0010338546998618107,0.0001651462111646497
COX4I1,0.0005817866818825923,0.0012325879321602904
COX5A,0.0006096094642703855,0.0007956511150957912
COX5B,0.000789104473471385,0.0007469216111173103
COX6B1,7.230018771802874e-05,0.0010823643062248232
COX6C,0.00018162981833797572,0.0005198253951959169
COX7A2,0.00017015316150680683,0.0005201482043159189
COX7A2L,2.8023937057273104e-05,0.00010177144433735174
CPM,5.547372006792672e-06,4.159248779807339e-05
CPNE1,3.4370949063539466e-05,4.853581850647963e-05
CPNE2,1.965092412845993e-06,5.330458959741798e-06
CPNE3,1.2674008922166302e-05,0.0003346796917329627
CPPED1,5.760732468592389e-05,5.288347042723358e-05
CPSF6,5.253248547456233e-05,9.425292646966924e-06
CPVL,2.6011366521341268e-05,0.0006005130020545938
CRAT,7.300870585674698e-06,0.00011418052037306424
CREB1,4.02900757778601e-05,2.1703044063405897e-05
CRK,1.0392328771026975e-05,7.957244808048824e-06
CRKL,2.9297595425585235e-05,8.841741796854252e-06
CROCC,5.110657590731446e-05,4.384041312463264e-06
CRYBB1,1.3934116451965559e-05,2.252327269104729e-05
CRYL1,5.544059579600636e-05,1.4561039014780254e-05
CRYZ,3.657274953105994e-05,0.0001409546022488649
CS,0.002974246443513376,0.001126721213941459
CSDE1,2.1428051354645138e-05,1.2657198863859481e-05
CSE1L,0.0042451866139964056,9.280322005802398e-05
CSK,9.413355970908114e-05,9.566888465513247e-05
CSNK2A1,2.6629063929048787e-05,0.00014476961912161557
CSNK2A3,2.6629063929048787e-05,0.00014476961912161557
CSNK2B,1.723184851245823e-05,9.58376257860426e-05
CST3,2.2899311061449424e-05,4.03570092569749e-05
CSTB,0.00013839461335538603,0.0012947140146188534
CSTF2,5.806002306883541e-05,7.605529598664849e-06
CTNNBL1,6.143829729838534e-06,3.90672400911488e-06
CTNND1,3.507762027315669e-05,4.442293685481803e-05
CTSB,0.0009359694650397138,0.004932816816466631
CTSD,0.000602508423383314,0.010129603454243973
CTSH,6.884171259979893e-05,6.835042921787394e-05
CTSL,3.515007208973885e-05,0.00023545990675780842
CTSS,3.5867242689789015e-05,0.0005606020563088944
CTSZ,0.00017681977254881384,0.0016278383533190792
CUL4B,3.1906302479501886e-06,9.815744950751137e-06
CYB5A,9.864849834840713e-06,3.4520033441666355e-05
CYB5B,8.14521831458271e-05,0.0005931764311454578
CYB5R1,9.469647157856403e-06,0.0011396189055997198
CYB5R3,3.949491257392474e-05,0.0013093431370116704
CYBA,0.000260618358665581,0.000638736536491192
CYBB,0.00011920943656544261,0.0037123048800227786
CYC1,6.523755091106851e-05,0.0005566403080179609
CYCS,0.00010086991239996771,0.0004800905271520367
CYFIP1,0.00012796307749159515,0.00039833178094062595
CYFIP2,2.3669701325051625e-05,6.56711135218575e-06
CYTH4,1.939998267451784e-05,3.2122442068560737e-06
DAK,2.9564035023722783e-05,1.389047643368523e-05
DARS,2.9824853533292026e-05,0.00018174153456111515
DAZAP1,7.015941621210698e-05,6.550237239094737e-06
DBI,0.00015406942033442442,0.0005831106558581234
DBNL,0.0001046106665409079,0.00014714226615363012
DCTN1,4.1602941238936136e-05,0.00015911554987733996
DCTN2,6.173882478362638e-05,0.0001607589417609864
DCTN4,1.2017526003337492e-05,2.165902463795108e-05
DCXR,3.395338248417984e-06,0.00028684524940539644
DDAH2,0.00015182459846404013,4.508763017918575e-05
DDB1,5.792130263309623e-05,5.9659527318911524e-05
DDI2,1.671691664896907e-05,2.173239034704244e-06
DDOST,6.324427275411574e-05,0.000897658797016417
DDRGK1,5.1136648731154875e-05,8.620030623980165e-05
DDT,4.2961899626272265e-05,8.122757847758932e-05
DDTL,4.2961899626272265e-05,8.122757847758932e-05
DDX1,0.00029439829041679605,4.7548316062109935e-05
DDX17,0.00029026237374950417,0.00013425044375209647
DDX18,1.5039182313861239e-05,2.7004450202347516e-05
DDX19A,5.1255293850578686e-05,2.6865055355073933e-05
DDX19B,2.089298394889167e-05,2.6865055355073933e-05
DDX27,3.6297175663998903e-06,7.691074015465374e-06
DDX39B,0.00022131249534539804,0.00016916665202285617
DDX3X,4.972738160113244e-05,0.00010810730697448152
DDX3Y,4.972738160113244e-05,0.00010810730697448152
DDX41,6.866159686181746e-07,2.2931186033595248e-06
DDX5,0.00017153354025665145,3.9708456388607285e-05
DDX6,3.708392731039813e-05,4.774787079083843e-05
DECR1,7.824816266189456e-05,0.0012249138789893342
DEF6,2.3805972572200336e-05,5.97989221661851e-06
DEK,0.00014167431778182752,7.389394219681705e-05
DENND3,3.1687883037990694e-06,2.6790222331800746e-05
DENR,4.314538801739472e-05,2.8291284739809958e-05
DERA,1.3690924070121204e-05,7.817116303684328e-05
DFNA5,1.3138290762591789e-05,3.588903757331112e-05
DHRS7,0.00011750443995077853,0.0004341342469772093
DHX15,5.3795423623962056e-05,2.4931135263425703e-05
DHX9,0.0002545232918790725,0.00011549083193743591
DIABLO,6.626681237855736e-06,7.75504891379304e-05
DIAPH1,2.8478843724979316e-06,5.1802059875226945e-05
DIAPH2,5.3815900446603725e-06,3.4241243747119195e-05
DIP2B,2.2932836839696087e-05,1.171855798174463e-05
DKC1,0.0001018788174967128,1.1424508219706464e-05
DLAT,6.139937126004984e-05,0.0008971012176273227
DLD,7.995301874934446e-05,0.0018545383944113794
DLST,0.0002068899865981123,0.0007238701053208053
DNAJA1,4.254320882919897e-05,3.934309515733232e-05
DNAJA2,1.7908025316592415e-05,3.3714477955843234e-05
DNAJB1,5.3165058691659534e-05,4.419110121408933e-05
DNAJB11,2.1939951845370678e-05,0.0006578262939967637
DNAJC5,7.865067275401767e-06,0.00039912413059881263
DNAJC7,6.16087367339028e-06,1.1241387409814432e-05
DNAJC9,1.9989153057741226e-05,1.2876709065460828e-05
DNASE2,8.315196017824921e-05,0.0002526274826851865
DNM1L,4.500566720375818e-05,7.384992277136223e-05
DNM2,7.510778093068173e-05,0.00022075624480455454
DNPEP,3.460446514291981e-05,3.9120063401694585e-05
DNPH1,6.724829459321564e-05,2.781000568817064e-05
DOCK10,1.7933962625271865e-05,2.6978038547074625e-05
DOCK11,4.556735447894582e-06,0.00016830093665557813
DOCK2,1.8749241296155226e-05,0.0003987279557697193
DOCK4,6.250768932318861e-05,3.172039798274009e-06
DOCK8,1.2071066871950575e-05,3.522874619148889e-05
DOK3,3.951685489465744e-06,1.807290877756544e-05
DPP3,3.7617669745274786e-05,0.0002456430671796891
DPP7,0.0006813160851109177,0.0002933601243727091
DPY30,0.00013127048585455186,3.7074627432227486e-06
DPYD,1.576996397837322e-06,8.51775882550681e-06
DPYSL2,0.0008143813042440634,0.001222096635760226
DR1,8.527231508747825e-05,3.317890827947631e-06
DRAP1,5.836496712366584e-05,1.4254517082196555e-05
DUSP3,2.783926422248804e-05,0.00014897640888091412
DUT,6.0930391795606566e-05,0.00010127842677225781
DYNC1H1,7.308720034354007e-05,0.000965932925896836
DYNC1I2,4.440680044275447e-05,3.932988932969587e-05
DYNC1LI1,2.040232314282779e-05,4.777721707447498e-05
DYNC1LI2,2.4114389656753315e-05,3.557209771003645e-06
DYNLL1,2.3872401793887886e-05,4.4656239809728554e-05
DYNLL2,2.3872401793887886e-05,6.672611241859124e-05
DYNLRB1,4.7146478860312574e-05,5.5910539584343066e-05
EBNA1BP2,8.853856905198842e-06,4.058591026933994e-06
ECH1,3.5500386359441994e-05,0.0003148122577110226
ECHDC1,3.338402643815972e-05,0.00017260016720833178
ECHS1,6.786822036103417e-05,0.0006418765888403021
ECI1,1.747787151390305e-05,0.00020582016028489926
EEA1,3.2286207765453885e-05,0.00041417877410435957
EEF1A1,0.001754004476853174,0.0022146172946317707
EEF1A1P5,0.001754004476853174,0.0022146172946317707
EEF1B2,0.000143646316103486,0.00022134434432863088
EEF1D,0.0001681285658564021,0.00013851886070703176
EEF1G,8.164831898622823e-05,0.00033911098056208075
EEF2,0.00023716456736750115,0.0015243927035002627
EFHD2,0.0001578646588838445,0.00014956333455364498
EFTUD2,7.316529332400684e-05,9.185386778238179e-05
EHD1,3.3265401394052213e-06,2.1661959266314736e-05
EHD4,4.2976052724274595e-05,0.0005446816974360694
EIF1,2.6575081403476765e-05,4.117577057043447e-06
EIF1AX,0.00012104773328044077,3.3556008024205895e-05
EIF1AY,0.00012104773328044077,3.3556008024205895e-05
EIF1B,2.6575081403476765e-05,4.117577057043447e-06
EIF2AK2,7.096142509890588e-06,8.76500126514469e-06
EIF2S1,5.554779798513042e-05,0.0002622970831434276
EIF2S2,2.563935083470121e-05,6.407614300621135e-05
EIF2S3,3.8085806046432825e-05,0.0003561318250712761
EIF2S3L,3.8085806046432825e-05,0.0003561318250712761
EIF3A,2.5974628692484146e-05,0.00012629906820077496
EIF3B,2.1566852091649585e-05,7.528495604118921e-05
EIF3C,3.1577830153949854e-05,9.337547258893658e-05
EIF3CL,3.1577830153949854e-05,9.337547258893658e-05
EIF3F,6.261631685977106e-06,7.14039100302563e-05
EIF3G,3.198361252263236e-05,9.068001643692005e-06
EIF3H,3.451073349104336e-05,3.903495917914861e-05
EIF3I,4.417131698237522e-06,6.294777840038624e-05
EIF3J,2.612995141481614e-05,1.6086165375371432e-05
EIF3K,6.947484792575296e-06,2.0984060114310574e-05
EIF3L,1.328552313244869e-05,6.821103437060036e-05
EIF4A1,0.0002471058640068708,0.00027274436011803717
EIF4A2,3.302269081979943e-05,1.8733200159387672e-05
EIF4A3,0.000102243585994163,0.00011866316519854629
EIF4B,4.76331446784297e-05,7.027848005279486e-06
EIF4E,3.369005456007117e-05,2.528622529542788e-05
EIF4G1,2.610375312702458e-05,8.726997827835366e-05
EIF4G2,2.4758124749721864e-05,2.661707925834514e-05
EIF4H,0.0001919368872406113,2.4518819978332265e-05
EIF5,3.3550129605353063e-05,4.112294725988869e-05
EIF5A,0.00016777443727659903,0.00013774411881902702
EIF5B,1.6919135310213763e-05,2.9889189883819763e-05
EIF6,2.0922494663875258e-06,9.039975942819105e-05
ELAVL1,0.0001294026784245701,1.898998014120743e-05
ELMO1,8.253825775848844e-05,0.0001471569392954484
ELMO2,5.562448569345512e-06,0.00010240825869226474
EMD,3.6180317247727155e-05,2.7977279504898938e-05
EML4,4.419835843345202e-05,3.8321844486780595e-05
ENO1,0.0012469782729290075,0.0038979201240239175
ENO2,0.0003710134666236497,2.0740485960127263e-05
ENOPH1,3.117014063021738e-06,2.9657354243091066e-05
ENTPD1,3.4706789030179236e-05,0.00018363436985567222
EPB41L1,5.635576924087498e-05,3.339753809256856e-05
EPB41L2,0.00043112564875219083,9.384941506966676e-05
EPB41L3,0.00019457137100067692,0.00011184308888141353
EPDR1,0.00016104055384961923,3.951183628824244e-06
EPHX1,1.3922512919135275e-05,0.0015653307691732411
EPRS,5.0875468865891956e-05,0.00022323717962318795
EPS15,6.266028180250172e-06,7.168856898153079e-05
EPS15L1,2.0933214882787665e-05,3.0210531689639914e-05
ERAP1,2.8361764480228096e-05,0.0007727169944338323
ERGIC1,3.0432914789168172e-05,0.00013450282179137076
ERH,0.00045439494789333257,0.00014623106404671544
ERLIN2,4.983576823391911e-05,0.0005960083475163844
ERO1L,1.6786577996583394e-05,0.0008695303841507899
ERP29,0.00014003456594518835,0.0014686347645908296
ERP44,5.873013712744236e-05,0.0009820587087551167
ESD,0.00016681162510611403,0.00012391908459785127
ESYT1,2.7955500303954016e-05,0.0009747221378459809
ETF1,3.1483717071063414e-06,4.9888682182124294e-05
ETFA,4.9826132082087726e-05,0.0010190203529953435
ETFB,9.834014148980309e-05,0.000730223575728117
ETHE1,1.444561543636479e-05,0.0009446421971185235
EVI2B,1.530704725945718e-05,5.657816753707443e-05
EVL,7.064092267393105e-05,7.392622310881724e-05
EWSR1,0.00014239341561224396,3.082827096018916e-05
EXOC2,2.816325975250175e-06,3.5256625160943604e-05
EXOC4,5.357620116979825e-06,3.154872222346631e-05
EZR,0.00032690785615157474,0.00027520944794350683
F13A1,6.154003900147162e-05,0.007959299047903384
FABP3,7.51224961375409e-05,0.0002995815365036564
FABP5,8.613816348016001e-05,0.0009673855669368449
FAH,2.5488404531325962e-05,0.00010230701401371866
FAM105A,1.2957974271447165e-05,5.0386101689763714e-05
FAM120A,3.857064501076525e-05,7.219919431680664e-05
FAM129A,1.8269381010269014e-05,0.0003383626503293489
FAM134A,3.2561761557198614e-06,7.930099495685022e-06
FAM162A,8.531969283398251e-06,0.0003212097475437891
FAM175B,9.727715349090443e-06,3.346943648747809e-05
FAM3C,1.4884080420008714e-05,0.00010611029237301473
FAM49A,6.001917318805206e-06,5.067956452612915e-06
FAM49B,0.00020002824348151987,0.0003876644068387423
FAM96A,1.4673189222115786e-05,8.962795216854995e-06
FAM98B,7.546753059905311e-05,5.6049934431616644e-06
FARSA,1.0439264860572303e-05,7.233418722153475e-05
FARSB,2.3422815085005245e-05,8.426051689142611e-05
FASN,1.2393717355771149e-05,3.7711441787140486e-05
FAU,9.632518199122974e-05,8.168831513068305e-06
FBL,0.0002036528418422594,6.130145188837614e-05
FBP1,8.972662627153183e-05,0.00023745545404509338
FCER1G,0.00018341611998371705,9.119210908637772e-05
FCGBP,3.194886215009046e-05,0.0028407202560174305
FCGR1A,6.6583420192167e-05,4.7819769185747963e-05
FCGR2A,6.368492594723803e-06,0.00015009156765910276
FDXR,1.7986399351487606e-05,1.805676832156534e-05
FEN1,1.852208909204685e-05,1.5091326360092599e-06
FERMT3,9.436723639099201e-05,0.0006565644038003923
FGD2,1.2611193257415518e-05,3.4313142142028726e-06
FH,7.543721687141689e-05,0.0014523035577470931
FIS1,1.2931916510869817e-05,0.0001753587178701669
FKBP15,2.397032918687424e-05,0.00021613537898314438
FKBP1A,0.0001291583618250121,0.00020124214003759846
FKBP2,9.90277210736044e-05,0.00015641569178277793
FKBP3,5.195572163682184e-05,3.712451611440961e-05
FKBP4,0.00012248592894127363,5.7973583323992085e-05
FLII,4.637920027073926e-06,6.65294923182264e-05
FLNA,3.691146829805934e-05,0.0010282497591990365
FLOT1,3.469466353912475e-05,0.0005270739272541432
FLOT2,5.9099522947645105e-05,0.0004533707359009637
FMNL1,4.5139991145224294e-05,7.514262656555199e-05
FMNL2,1.0456228502858787e-05,2.5698540580521322e-05
FN1,8.956863353212989e-06,4.215887107225868e-05
FN3K,1.1019762707147448e-05,4.331658196172033e-06
FN3KRP,1.653033665913405e-05,9.689555931114e-06
FNTA,6.574344888221575e-06,1.9579840442301958e-05
FSCN1,0.0006631091784850222,0.0008039414402231148
FTH1,0.0002680241428543198,0.0004026016652097431
FTL,0.0006678565892872801,0.003319358142129458
FTSJ3,2.5663682118075427e-06,8.931247961945711e-06
FUBP1,0.00015170996840787937,7.129092683825562e-06
FUS,0.0002048328689352766,5.443295420324309e-05
G3BP1,2.022026009916373e-05,6.192065847310722e-05
G6PD,4.628233686951761e-05,0.0004240097791226017
GAA,0.00010440597861575642,0.0008414313175687993
GALK1,2.9470724953488957e-05,9.478262688930885e-06
GALM,3.4704199314374555e-06,6.45001968047594e-05
GALNT2,2.9909892573203917e-05,0.00011595597053307514
GALT,2.939969848436519e-06,1.640457255282793e-06
GANAB,0.0001675094431012362,0.0014449919311790482
GAPDH,0.00408237579867878,0.0032608123062745535
GAPVD1,1.521046491266395e-06,1.7888027190655213e-05
GARS,5.783256973498231e-06,0.00026760876048164203
GART,3.3668312992501625e-06,5.949225350218322e-05
GATAD2A,1.3963587016316518e-05,3.871655200169211e-06
GATAD2B,0.0001054126754277068,3.871655200169211e-06
GATM,3.103069748309085e-05,0.00179790006699285
GBAS,4.9864074429923774e-05,0.00030389544019822834
GBE1,3.907632215343302e-05,8.462441080851925e-05
GCA,9.090464583291755e-06,7.182062725789523e-05
GCLC,5.539763461909148e-06,1.1130458457668296e-05
GCN1L1,3.1803516859967202e-06,2.2907709006686016e-05
GDAP1,5.2934393307195973e-05,2.5519528250338404e-05
GDI1,0.00014048646131544726,0.00012119281484801636
GDI2,0.00026010342680209185,0.0008792880234599407
GGCT,4.2574727075814095e-05,5.3485069241782725e-05
GID8,1.7801585989488339e-06,6.846928166660194e-06
GIMAP1,5.342423102529092e-05,0.00022047862896135283
GIMAP4,0.0003214090262596326,0.00010214267482535402
GIT1,1.2005842169241948e-05,1.7371532598652046e-06
GIT2,1.878142202820876e-05,1.3619170041465385e-05
GLB1,1.466377389876388e-05,0.0010755706415629632
GLIPR2,1.3194160367897453e-05,9.779355559041824e-05
GLO1,6.947444641942666e-05,9.838928514824007e-05
GLOD4,9.18078343139459e-05,0.00010093947719625573
GLRX,5.630871269943176e-05,0.00017907102275018967
GLRX3,1.3730311840731955e-05,4.3193327570446846e-05
GLS,8.950684170851119e-05,0.0003242654293274442
GLUD1,0.0002486205466228652,0.0030231074088185495
GLUD2,0.0002486205466228652,0.0030231074088185495
GLUL,0.00017960727036983514,7.552999750955436e-05
GLYR1,6.167867913594553e-05,2.445425815433187e-05
GM2A,2.326086750828918e-05,0.0005245648200032187
GMFG,0.0001235346634655884,0.00017075135133922954
GMIP,3.864699143871259e-06,8.325393936269266e-05
GMPS,8.158207044238752e-06,7.692981523901749e-06
GNA13,3.312387041402888e-05,0.00011270586962032792
GNAI1,2.4653492201086176e-05,6.938195108769845e-06
GNAI2,0.0002361417300012332,0.0041731882645346975
GNAI3,5.267341419509621e-06,0.0003486045033185026
GNAQ,4.452667015647353e-05,4.97595585341235e-05
GNAS,2.6600396377350443e-05,0.00011479239038688618
GNB1,0.0003520646365326871,0.0015048774248819612
GNB2,0.00018330269444653523,0.0004255651321553385
GNB2L1,4.846215486567277e-05,0.0004389176912099659
GNB4,0.00018330269444653523,0.0022605442285229616
GNG10,0.00012649697714108392,0.00024107972007420653
GNG2,0.00023036224718720228,0.0005023056638649003
GNG5,0.00018090509941899095,0.00018382512069930977
GNG7,0.0001426722617558644,0.00010316392549590573
GNPDA1,1.0139359710137039e-05,0.00048617988100661954
GNS,1.4583291955655575e-05,0.0009065213746746533
GOT1,0.00011067792901431964,0.00016033342064825651
GOT2,0.00018101551365872547,0.001182435133425437
GPD1L,5.298699063594223e-05,2.8052112528172126e-05
GPD2,1.7756677506890864e-05,0.0016521957687374105
GPI,0.00011791939673901715,0.0008942106086891232
GPNMB,0.00014178252373676735,0.0001731724197392444
GPS1,1.4300229995608903e-05,1.2870693077315337e-05
GPSM3,2.2151104022375707e-05,1.3761206054266256e-05
GPX1,0.0005479465241824312,0.0025101343708517658
GPX4,3.582452241666991e-05,9.203874936929202e-05
GRB2,0.00015594967446052167,0.0002578657943143095
GRHPR,6.967319205094879e-05,0.0003759845859513979
GRIPAP1,2.094216847386432e-05,2.5353721747791933e-05
GRPEL1,7.280514214930916e-06,0.00013926865825394545
GSN,0.0012120030568443755,0.005163478605849864
GSPT2,9.373586769287372e-06,4.2395108655532864e-05
GSR,7.625910032136802e-05,0.0005673223552616628
GSS,3.378067453791873e-05,0.0001677433572664838
GSTK1,3.895996562006916e-05,0.0009997691909297709
GSTM2,0.00011251853439069405,4.97375488213961e-06
GSTO1,0.00012701331427671515,0.00036555198211860664
GSTP1,0.0007068336189262174,0.0002297667277323189
GSTT1,3.8975423613631995e-06,5.179472330431781e-06
GTF2F1,1.1021388807768994e-05,2.348729810850775e-06
GTPBP4,2.7520448124083706e-05,1.2570480595713496e-05
GUK1,1.3700600372585211e-05,2.857594369108443e-05
GYG1,2.1951997035159898e-05,0.00021094108677947613
H1F0,0.005650197776959981,0.00020562940944126172
H1FX,0.0009034273772925043,6.279224309711257e-05
H2AFV,0.0015093967852085877,0.00046568150188649375
H2AFX,0.0033134980094077803,0.00021430123625586038
H2AFY,0.002137637749044939,0.0012096538114983314
H2AFY2,0.00015176457326825717,1.900612059720753e-05
H2AFZ,0.0015093967852085877,0.00046568150188649375
H2BFS,0.037985108259794946,0.004422191481190771
H3F3A,0.02204865968321839,5.962724640691132e-06
H3F3C,0.02204865968321839,3.1002881347826594e-06
H6PD,4.736730733978161e-06,0.0001491378134409151
HACD3,1.7309339233435545e-05,0.0002368098358050894
HADH,7.604268841148837e-05,0.0012956971151206775
HADHA,7.925554203459966e-05,0.006178566556837912
HADHB,8.674323351390516e-05,0.002904695154345096
HAGH,2.9977405861972497e-05,7.550065122591782e-05
HARS,1.1827573360361493e-05,3.9087782489694385e-05
HBA1,0.034591195358835355,2.2693481136139245e-05
HBB,0.03553828855664541,2.080504778412766e-05
HBD,0.002300890422074664,2.080504778412766e-05
HBG1,0.00012922742091313696,2.080504778412766e-05
HCK,5.910574629570287e-06,8.820319009799576e-05
HCLS1,0.0003986455937323958,1.134116477417868e-05
HDAC1,6.388587986355485e-05,5.031567060903601e-06
HDAC2,8.096776576313729e-06,5.031567060903601e-06
HDGF,9.711504531165782e-05,3.365431807438832e-05
HDHD2,3.2088987857971724e-06,9.734455745077912e-06
HDLBP,1.8835906436688663e-05,2.007432532157772e-05
HEBP1,3.5798524882041515e-05,0.0001082892539330281
HEBP2,2.476936692685847e-05,2.8828321730358706e-05
HEXA,1.567316080310052e-05,0.0004976102584830533
HEXB,6.36861906921659e-05,0.0014573364453907603
HGS,2.441359217111754e-05,1.6150727199371828e-05
HIBADH,4.101624011961954e-05,0.0008579679483979917
HIBCH,8.080595871363543e-06,0.00036318960628586486
HIGD1A,1.6301558354404133e-05,0.00010016620262243279
HINT1,0.0002270680885330137,0.00024826955956515974
HINT2,5.034608277465573e-05,0.0002947247265618084
HIST1H1B,0.0020984166035596065,0.0002862876700163021
HIST1H1C,0.0032315377200060114,0.0006929978149351612
HIST1H1D,0.0005150161798176824,9.170126710747176e-06
HIST1H1E,0.01872131653116055,9.170126710747176e-06
HIST1H2AA,0.0033134980094077803,0.00021430123625586038
HIST1H2AB,0.000748380891313011,2.7280305268531027e-06
HIST1H2AC,0.000748380891313011,2.7280305268531027e-06
HIST1H2BA,0.00392794442039119,0.004422191481190771
HIST1H2BB,0.00392794442039119,0.0008670506231835019
HIST1H2BC,0.037985108259794946,0.004422191481190771
HIST1H2BJ,0.00392794442039119,0.0008670506231835019
HIST1H2BK,0.037985108259794946,0.004422191481190771
HIST1H2BL,0.037985108259794946,0.004422191481190771
HIST1H2BM,0.037985108259794946,0.004422191481190771
HIST1H2BN,0.037985108259794946,0.004422191481190771
HIST1H3A,0.02204865968321839,3.1002881347826594e-06
HIST1H4A,0.04212724827514457,0.005501254330506483
HIST2H2AA3,0.03967346243723361,0.0024794675044515777
HIST2H2AC,0.03967346243723361,0.0024794675044515777
HIST2H2BE,0.00392794442039119,0.0008670506231835019
HIST2H3A,0.02204865968321839,9.428520738166944e-05
HIST3H2A,0.000748380891313011,2.7280305268531027e-06
HIST3H2BB,0.00392794442039119,0.0008670506231835019
HIST3H3,0.02204865968321839,3.1002881347826594e-06
HK1,0.0001830908998594081,0.0005528546374288469
HK2,1.527069086161005e-06,7.369292015390672e-05
HLA-A,4.836163775688173e-05,0.00033688066300570347
HLA-B,6.357732225178766e-05,5.738372302289756e-05
HLA-C,5.1686270741236985e-05,0.00029569315392181434
HLA-DPB1,2.2231385212320857e-05,8.14799565168636e-05
HLA-DRA,0.00011125268532042859,0.00037648347277321917
HLA-DRB5,9.41904732308352e-05,0.00010942642242394416
HLA-E,3.2600908424013576e-06,5.078080920467522e-05
HLA-H,5.1686270741236985e-05,2.7300847667076606e-05
HMGB1,0.0013208393767165049,0.0007354325410736035
HMGB1P1,0.0013208393767165049,0.0007354325410736035
HMGB2,0.0003924738392375626,0.00010800752961011727
HMGCL,1.6548143464705784e-05,0.00042389239398805555
HMGN2,0.0027428844455736684,4.405317368099758e-06
HMGN3,9.23741589872024e-05,4.405317368099758e-06
HMHA1,5.138558265346543e-05,1.890781054702511e-05
HMOX1,5.119324104784789e-05,3.707902937477297e-05
HMOX2,1.041995240627692e-05,0.00012187658325674783
HNMT,9.17341579030685e-06,4.163210528098273e-05
HNRNPA0,0.0004159786218390835,1.2690653627205141e-05
HNRNPA1,0.0008778052510792016,0.00028989726290359696
HNRNPA1L2,0.0008778052510792016,0.00028989726290359696
HNRNPA2B1,0.002019446331769848,0.0004953065752175847
HNRNPA3,0.001076996554623534,0.00014610546195275103
HNRNPAB,0.00016110079987388163,3.250981301256311e-05
HNRNPC,0.0013509162156201875,0.00016150727199371826
HNRNPD,0.00123739230938842,0.00018049431750656204
HNRNPDL,0.00019390286296737519,2.3336164747779554e-05
HNRNPF,0.00022850106461160463,0.00011557300153161824
HNRNPH1,0.0005637690854895506,0.00013165329765026237
HNRNPH2,8.456686847215625e-05,3.594773014058421e-05
HNRNPH3,0.00022918041331571664,4.32931049348111e-06
HNRNPK,0.0016445418071120053,0.0003538428149476257
HNRNPL,0.0004033092904656187,0.00012466741483058312
HNRNPM,0.0006496031079275329,9.328303179548147e-05
HNRNPR,0.00033679153663311926,0.00010235690269590078
HNRNPU,0.0008643266837050644,0.0001081439898290272
HNRNPUL1,7.826763571872046e-05,1.3151243548880695e-05
HNRNPUL2,0.00022740354706864352,0.00010729588223193109
HOMER3,5.379843492140936e-06,8.12437189335894e-07
HP1BP3,0.0005233895942528219,4.659749647228592e-05
HPCAL1,8.440706895428593e-05,0.0002635149539143442
HPGDS,1.3102637000815698e-05,0.0002134648671722189
HPRT1,5.866007427350173e-05,0.00019915855389940383
HRSP12,9.813075594063382e-06,0.0001464394226605349
HSD17B10,5.173790445480011e-05,0.001538772382482169
HSD17B12,4.270441361921137e-05,0.0007857320712266394
HSD17B4,5.13700042080047e-05,0.00615802415829233
HSD17B8,7.776976787409937e-06,2.2335456475773412e-05
HSDL2,1.3929157848835663e-05,0.00017513862074289283
HSP90AA1,0.0012116878743782243,0.002864930940017579
HSP90AB1,0.00044540281220935345,0.0014536241405107375
HSP90AB2P,9.6804982051167e-05,0.00010168927474316941
HSP90B1,0.00027822742237160495,0.005640795909198248
HSPA1A,0.0005339544302169468,0.0009364839302675644
HSPA1B,0.0005339544302169468,0.0009364839302675644
HSPA4,7.433769179682427e-05,0.0007035771501861353
HSPA5,0.0004917147601704362,0.01188260370727291
HSPA6,0.0008820190599737971,0.000546383781886989
HSPA8,0.0009526901959987828,0.003617222921040377
HSPA9,0.00019966969833212745,0.006626977770804299
HSPB1,0.0005674410615967944,0.00014414454328015718
HSPD1,0.00041306970850498684,0.006823157676914594
HSPE1,0.0006135297720404504,0.00274622522270776
HSPH1,4.591851191193422e-05,0.0001955783072957455
HUWE1,2.119250766831694e-05,2.9740991151455218e-05
HVCN1,1.1770097729750596e-05,6.609076537786007e-05
HYOU1,8.45584368393038e-05,0.0013718800674411451
IARS,2.1931078555559285e-06,6.195293938510741e-05
IARS2,2.7963711108327004e-06,0.0009964383877370231
IDH1,0.0002265906975110343,0.0022019983926680566
IDH2,0.00016826427499469398,0.003368072972966121
IDH3A,0.00012952895216419377,0.0007140831197280179
IDH3B,3.224818511635258e-05,0.0004794742551956693
IFI16,0.0004951636995134162,1.01429560132986e-05
IFI30,2.3867804546451664e-05,0.00010475889601155189
IGBP1,4.2123433965044655e-06,2.5764569718703544e-06
IKBKG,1.5826114638107303e-05,1.7980467984110327e-05
ILF2,0.00016170506689497418,0.00010620420048065167
ILF3,0.00030831610571191355,0.00021199755299039171
ILK,1.249445529304166e-05,0.00012520738644949554
IMMT,0.00010771671948122146,0.001376647615770265
IMP3,6.914119616859158e-05,6.502109333930805e-06
IMPA1,3.667137956011735e-05,3.0131296723821246e-06
IMPDH2,3.680449898260454e-05,3.771731104386779e-05
INPP5D,9.20132047998521e-05,2.1041285367401835e-05
IPO5,2.926559537137854e-06,0.0003000510770418411
IPO7,2.838448973829709e-05,7.120142067316416e-05
IQGAP1,2.3664180613064898e-05,0.002631481253688874
IQGAP2,7.217377345119089e-06,0.0008592738580198179
IRF5,1.1755382522891433e-05,1.5204309552093292e-05
IRF8,2.121764196434378e-05,2.665376211289082e-06
ISCA2,9.37155916233952e-07,1.7502123560834666e-05
ISCU,2.53339048969629e-05,9.725651859986949e-05
IST1,2.97039800537572e-05,2.604335941325071e-05
ITGAM,8.301002769189956e-05,0.0010184921198898857
ITGAV,1.2868538737262205e-05,0.00027120368022711864
ITGAX,4.184254013916004e-05,0.00092480410938022
ITGB1,3.148445985776708e-05,0.0009809142036932914
ITGB2,0.0010548133300950537,0.004257265367153395
ITPR2,1.8660207268296576e-06,0.0005461636847597149
ITPRIP,9.163117153037068e-06,8.15342471415912e-06
IVD,6.076999001824678e-05,0.0005340876890432771
KARS,5.686473873541848e-05,0.0001231971660203923
KCTD12,0.0005447597684705299,0.000309383195238262
KHDRBS1,0.00025116328618736953,3.105423734419055e-05
KHSRP,0.00018993919251406917,1.685210337828522e-05
KIAA0930,4.259440088580316e-06,3.4986639351487405e-06
KIAA1598,0.0001075241971977571,2.127312100813053e-06
KIF2A,8.895653713767436e-06,1.557554004009557e-05
KIF5B,4.6687356376180135e-05,0.0001689465548955821
KLC1,0.00016839877961400692,5.311530606796228e-05
KPNA1,1.9092910636157992e-05,2.576163509033989e-05
KPNA2,4.737975403589714e-06,7.182502920044071e-06
KPNA4,4.167495139855936e-05,5.1181385976314044e-05
KPNA5,4.246772563985319e-05,2.576163509033989e-05
KPNA6,4.246772563985319e-05,2.576163509033989e-05
KPNB1,0.00017956728033973493,0.0004067981837697688
KTN1,5.4283053057262314e-05,0.00015230721207366182
LAIR1,8.751573168572047e-06,2.4700766936878836e-05
LAMP1,0.00014513008273235475,0.0005987082056109463
LAMTOR1,3.12980605457789e-05,0.00026988309746347414
LAMTOR2,5.30100772497049e-06,0.00010057851790752623
LAMTOR3,2.2343064196983242e-05,0.0001974564694484843
LAMTOR5,1.8517070262968013e-05,0.00025795383316521916
LANCL1,4.292712917841404e-05,9.463002621439882e-06
LAP3,0.00018800332976177836,0.0015845525849551773
LARP1,1.9708680813499237e-05,7.491812749573242e-06
LARS,1.1353093259247799e-05,8.04983233292212e-05
LASP1,0.000395059740732145,6.095810036982858e-05
LBR,8.54236829724961e-05,7.753581599611212e-05
LCP1,0.00046331681997020786,0.0023758751232145782
LDHA,0.00043141955138304783,0.0012124710547274397
LDHB,0.000518148330669206,0.0009276506988929647
LETM1,3.66905314118822e-05,0.00048846889113027
LGALS1,0.00030910345961780223,0.002226942733759119
LGALS3,1.768549043523657e-05,0.0010683514557883736
LGALS3BP,3.4682477822121325e-05,3.56234537064004e-05
LGALS9,0.000182242918498247,0.0001496660465463729
LMAN1,2.908814965046701e-05,0.00038807525480965394
LMNA,0.0002443895733328201,0.000693628760033347
LMNB1,0.0005901540737228373,0.0011822150362981632
LMNB2,0.0005343701900178381,0.0007762825678956723
LNP,2.443768255069598e-06,2.5205523015427388e-05
LONP1,1.2336462553639724e-05,0.001506491470481971
LPCAT2,0.0001337811049129516,0.00047200562601016895
LPP,1.0827963135070434e-05,1.7939383187019165e-06
LRCH4,1.126586600985753e-06,4.0379018969702305e-06
LRP1,3.814739711688837e-05,0.0011597211098907524
LRPAP1,1.1859111682292933e-05,0.00036465692046769207
LRPPRC,2.4771294157224746e-05,0.0016118446287371629
LRRC47,3.675730191394712e-05,5.9850278162549056e-05
LRRC59,5.445746740541022e-05,0.00030068202214002677
LRRFIP1,3.0454214699778775e-05,2.5264215582700475e-05
LSM12,8.553610474386216e-06,7.92995276426684e-06
LSM2,2.8557057157343984e-05,1.492992180009161e-05
LSM3,7.386531960392369e-05,9.832472332423968e-06
LSM4,1.2210550169709744e-05,1.5786833282278686e-05
LSM8,0.000126567642254514,1.067573779272005e-05
LSP1,0.0001026070094454201,0.0001917779635648131
LTA4H,3.773836254696277e-05,0.0001870972313247844
LTF,0.00010232669780370862,4.3319516590083986e-05
LUC7L2,0.00018878144902216196,4.588584909409974e-05
LUC7L3,0.00011025785302042057,6.905620733933281e-06
LYN,1.2672161993065289e-05,0.00015462556848094876
LYZ,0.00022562728308105987,8.161935136413717e-06
M6PR,4.036844981275529e-05,0.0004866640946866225
MAD1L1,1.1559146305908722e-05,4.7278330252653734e-06
MAGOHB,2.0701264678079916e-05,2.3361109088870616e-05
MAN2B1,1.1142844471476961e-05,0.0015974649497552565
MANF,1.7945485856836888e-05,0.00027855492427807284
MAOB,5.124467400824786e-05,3.8895564331875026e-05
MAP1LC3A,1.9930573284732986e-05,1.0839930249666513e-05
MAP1LC3B,1.9930573284732986e-05,1.0839930249666513e-05
MAP1LC3B2,1.9930573284732986e-05,1.0839930249666513e-05
MAP1S,7.781794863325625e-05,5.6611915763256456e-05
MAP2K1,8.179386502951463e-05,3.4750401768213226e-05
MAP2K2,3.915509769465452e-05,8.202139544995783e-06
MAP2K4,1.013966083988177e-05,1.0303039990535946e-05
MAP4K4,3.2542288500372702e-06,4.119631296898005e-06
MAPK1,0.00014368586447662728,0.00010220283470680893
MAPRE1,0.00013416233516978042,0.00010580068908064919
MAPRE2,0.00013684118537890297,8.609759424707374e-06
MARCKS,0.0013154110111848298,0.00023761685860509437
MARS,2.162852346337039e-05,3.363817761838822e-05
MAT2A,0.00010310923363368162,5.612036551234435e-05
MAT2B,3.8850755899313557e-05,3.954851914278812e-05
MATR3,0.0003606440237132223,3.834678882787166e-05
MAVS,2.527950078974826e-05,1.92042080117542e-06
MAX,6.11160884715237e-06,2.5211392272154697e-05
MBNL1,1.898121157617929e-05,9.50012567024011e-07
MDH1,0.00039667821273348987,0.0005187982752686379
MDH2,0.0009099960207908924,0.005208084956977411
ME2,5.72602224668312e-05,0.0008322459307905612
MECP2,0.00022336760547660218,4.2835302910081016e-05
MEF2C,4.3681278511117114e-05,8.61063981321647e-06
MESDC2,2.3549630858169416e-05,0.00026994179003074725
METAP2,3.0153024729099327e-05,2.317182555941491e-05
METTL7A,5.825435213076817e-05,0.00015499239702640558
MFF,8.516752193631201e-06,2.5833533485249424e-05
MGAT1,2.3391758570665374e-06,6.35229655596625e-05
MICAL1,2.807155570757315e-05,2.6622948515072448e-05
MIF,0.00023390634352951712,0.0002446452935360466
MINK1,1.1311175998781311e-05,4.119631296898005e-06
MLEC,4.042853523448718e-05,0.0005278222574868751
MMAB,4.3663210726433285e-06,4.7432398241745586e-05
MNDA,0.00044212230477025936,0.00013327321250699957
MOB1A,2.766926644392952e-05,1.5860198991370044e-05
MOB1B,2.766926644392952e-05,1.5860198991370044e-05
MOGS,2.7527474484794085e-05,0.0004000191922497272
MPI,8.000113928255239e-06,4.748522155229137e-05
MPP1,2.4746822346636313e-05,1.8392783269203765e-05
MPST,3.33958909501021e-05,6.433439030221294e-05
MRE11A,3.4692053748003755e-05,3.727711678931964e-06
MRPL12,3.351232778473123e-05,0.000151074668160927
MRPS36,6.82072924536007e-05,0.0003373648766857064
MRTO4,0.00012648613647027362,0.0003516418436748849
MSN,0.0006256231425888273,0.003971139101697094
MT-CO2,0.00013679059558178823,0.0013448081207864334
MTA2,3.064159770226641e-05,6.030661287309731e-06
MTAP,3.740848494926867e-05,6.947732650951722e-05
MTCH2,2.087170411359738e-05,0.0012971937755861414
MTDH,0.00010252323515043606,0.00031470954571829465
MTHFD1,4.905885349251441e-05,0.00030311776368185993
MTPN,0.0001988566480213551,0.00024608326143423724
MTX1,1.2712694056706014e-06,0.00025482845395792726
MVP,2.897727367845724e-05,0.00031795231006013277
MX1,1.6712520154696007e-05,0.0004359390434208567
MX2,5.2272108621952025e-06,7.428424776918307e-06
MYBBP1A,2.3239527447045945e-05,1.4383493998779165e-05
MYDGF,7.992645910585923e-05,0.00012587648171640873
MYH10,0.0001188382439667715,6.453834697348691e-05
MYH9,0.00028343616394279004,0.009198005680201893
MYL1,4.584339007828212e-06,0.00014074037437831813
MYL12A,0.00017088691431813347,0.000652177134396729
MYL12B,0.00017088691431813347,0.000652177134396729
MYL3,4.584339007828212e-06,0.00014074037437831813
MYL6,0.0006381099893369854,0.00161654003411901
MYO18A,4.290739514247604e-05,0.00021801354113588317
MYO1C,4.859973100838197e-06,5.98312030781853e-05
MYO1E,2.681299397713018e-06,0.0003209016115656054
MYO1F,5.421206673877118e-05,0.0005473228629633584
MYO5A,2.2138938380688594e-05,0.00014654213465326282
MYO9B,8.920868311059537e-06,4.8663474840298596e-05
MYOF,3.46650725228759e-05,0.0009393158466384909
NACA,0.00011880050237209859,0.00014026496458340612
NAGA,2.454042801959803e-05,0.0007021245091461263
NAGK,9.294891529331135e-05,0.0004379639369917782
NAIP,4.024819866802624e-06,1.063465299562889e-05
NAMPT,5.7233120789805464e-05,0.0005325763554359951
NANS,7.317800099923446e-05,0.0002271108890632117
NAP1L1,6.036326410969745e-05,0.00046386203230102806
NAP1L4,7.230285773509869e-05,6.36198082956631e-05
NAPA,5.9782284455530736e-05,0.0012009966578255512
NAPG,4.070832491797445e-05,0.00017811726853200202
NARS,2.4471991266278947e-05,0.00044660641752274034
NAT10,7.569739297086405e-06,1.73583267710156e-05
NCEH1,6.014074930365792e-05,0.0010940147808285309
NCF1,3.949366790431318e-05,4.074438020097728e-05
NCF1B,3.949366790431318e-05,4.074438020097728e-05
NCF1C,3.949366790431318e-05,4.074438020097728e-05
NCF2,3.214616235883789e-05,9.472099969367211e-05
NCF4,6.730932355481435e-06,0.00010135032516716733
NCK2,1.5333105020034522e-05,2.96969717260004e-06
NCKAP1L,5.611335979636693e-05,0.00028550999349993367
NCL,0.00040443411043876866,0.00026438066928162224
NCOA5,7.32227087286688e-05,1.2284941255929925e-05
NCS1,1.2880644153000371e-05,6.487729654948899e-06
NDRG1,1.181185438768656e-05,4.912714612175599e-06
NDRG3,2.0188340346222292e-05,7.545222985791751e-06
NDUFA10,3.626431237119065e-05,0.00023534252162326223
NDUFA12,3.778485697954916e-05,0.00021587126243041547
NDUFA2,5.526190540548328e-05,4.137972724170845e-05
NDUFA4,0.00018907555240618208,0.0004941767432975777
NDUFA5,5.785204279180822e-05,0.00033290424157295177
NDUFA6,1.2672041541167396e-05,8.192748734232088e-05
NDUFA7,0.00012013310186911264,0.00012559182276513427
NDUFA8,0.0001095827201327348,0.0003900854752387572
NDUFA9,5.08887185746601e-06,0.00036970448125317755
NDUFAF2,1.0674146061462094e-05,6.887572769496807e-05
NDUFB1,1.6830944445640353e-05,9.984045887406715e-05
NDUFB10,8.043958419088e-05,0.0006955656147533589
NDUFB11,3.7722322369226795e-05,6.201309926656233e-05
NDUFB3,5.408113552576235e-05,5.451512379742541e-06
NDUFB4,6.0508007140331245e-06,0.00016030407436462
NDUFB6,1.886079982891972e-05,0.00025685334752884877
NDUFB8,2.4267202964545883e-05,0.00014357522537760824
NDUFB9,1.4600215447309428e-05,0.0003069767999800654
NDUFC2,4.8308237415482855e-05,8.697211349944275e-05
NDUFS1,7.810984373248169e-05,0.0012807598567496769
NDUFS2,1.6277026317866753e-05,0.0005864561321926894
NDUFS3,8.505489941178282e-05,0.0005511818992615638
NDUFS4,7.660479726831864e-05,0.00010277215260935787
NDUFS5,4.9579888252163446e-05,8.326567787614727e-05
NDUFS6,6.706420394260372e-05,0.00024266441939057987
NDUFS7,3.5079005469982452e-06,7.390861533863532e-05
NDUFS8,2.5517132308973253e-05,0.00036091526930403275
NDUFV1,3.4889675161812225e-05,0.0005376385893632989
NDUFV2,0.00010079254213088831,0.0004978010093266909
NDUFV3,2.110572207588561e-05,9.231387077838462e-05
NECAP2,2.344696569053263e-06,2.992147079581996e-05
NEDD8,0.00017790062757923317,2.3475559595053135e-05
NENF,3.099644899345683e-05,6.46938822767606e-05
NFATC2,2.2487325420025467e-05,0.0001783373656592761
NFS1,1.566541173100279e-05,0.00014743572898999555
NHP2,5.754147764840949e-05,1.0767738391920616e-05
NHP2L1,0.00017739754015237008,3.1337428981283196e-05
NIFK,3.285164912479251e-06,8.744165403762745e-06
NIPSNAP1,7.069904071466404e-06,4.091899058861471e-05
NIT2,7.05627293168827e-07,0.0002502504337106264
NME1,9.158640357498741e-05,3.9997517282427244e-05
NME2,0.00031976546011289354,0.0007578384286301045
NMT1,1.5876403305477294e-05,3.055681783655113e-05
NNT,6.788006479766023e-05,0.0008471098234524706
NOMO1,1.1039938400044392e-05,0.0004818659773120476
NOMO2,1.1039938400044392e-05,0.0004818659773120476
NOMO3,1.1039938400044392e-05,0.0004818659773120476
NONO,0.0004910081090361353,0.0002110731450558406
NOP10,2.291527093792014e-05,7.773096878229514e-06
NOP2,2.18597710320071e-05,5.342197473196416e-05
NOP56,0.00010807707140908229,3.528010218785284e-05
NOP58,0.00011097735235716332,6.753020059023255e-05
NPC2,5.6255292282716573e-05,0.0006985295894006497
NPEPL1,1.437151744384477e-06,4.166585350716475e-06
NPEPPS,4.5408157220564966e-05,0.00030443834644550437
NPL,2.008756225831915e-06,0.00023977381045238032
NPLOC4,5.82121939665059e-06,3.312021571220322e-05
NPM1,0.0008070638514471122,0.000514865873261341
NPTN,5.877711336762032e-05,9.929608531260928e-05
NRBP1,2.8939772987580138e-06,1.0492323519991653e-05
NSF,0.00020886017814130238,0.0005670875849925705
NSFL1C,8.020811579376381e-05,3.477534610930429e-05
NSUN2,1.8248703434464187e-05,1.276768762175107e-05
NUCB1,0.00011109579672342399,0.000596962101734572
NUDC,3.86861985314765e-05,3.9206634938422386e-05
NUDCD2,9.709808166937134e-06,6.358165812693559e-06
NUDCD3,7.1149129306454556e-06,2.7058740827075122e-06
NUDT21,0.00010979913204261444,3.149589891292053e-05
NUDT3,1.1698388699872106e-05,4.706850432465244e-06
NUDT5,2.368254952749346e-05,8.160467822231891e-05
NUMA1,0.00024131714654733477,2.1842438910679477e-05
NUP107,1.6927928298759892e-05,3.3639644932570048e-06
NUP155,1.77635231897544e-05,0.00012252513612511545
NUP205,7.349894508116824e-06,0.00011444023498324766
NUP210,1.3598457163172625e-05,0.0004732381699229038
NUP43,1.8756267656865606e-05,6.3949953986574215e-06
NUP54,1.0269628437707454e-05,5.7681587801808474e-05
NUP62,1.4499658187885755e-05,3.686773613258985e-05
NUP93,4.4756913959294466e-05,0.00010930316803267067
NUP98,3.906837232817213e-05,7.960032704994296e-06
NUPL1,3.4157347697943958e-06,2.339045537250716e-05
OAT,1.3961780237848135e-05,0.00034050492903481657
OCIAD1,3.772693969197933e-05,0.0005149098926867958
OGDH,4.1463076510166976e-05,0.0012713983922696193
OGT,2.4721005489854755e-05,7.873461168266493e-06
OLA1,0.0034506076017658195,0.00010389171333009201
OPA1,5.375214124198612e-05,0.000682506518535097
OSBP,9.298986893859468e-06,7.548451076991772e-05
OSGEP,2.3250829850131496e-05,1.3949022269540136e-05
OSTF1,0.00012147192471418446,0.0003695870961186314
OTUB1,3.821175858099544e-05,9.716407780641438e-05
OXCT1,6.245609576025812e-05,0.0003663590049186116
OXSR1,1.1406373148748782e-05,1.2140264077601765e-05
P4HA1,3.61191076082816e-06,0.0005819514776544799
P4HB,0.00016690959264973302,0.005209552271159238
PA2G4,5.3709702023295436e-05,0.00022212202084499928
PABPC1,7.025256567981028e-05,0.00021876187136861503
PACS1,1.3313869479085985e-05,1.6224092908463186e-05
PACSIN2,8.383391867348221e-05,0.0001551391284445883
PAFAH1B1,4.193713502963805e-05,4.296736118644546e-05
PAFAH1B2,6.54941134535789e-05,5.350854626869196e-05
PAFAH1B3,2.3478584313729334e-05,2.7824678829988913e-06
PAICS,3.225153769417724e-05,4.863706318502571e-05
PAK1,0.00010981418852985097,1.6168334969553753e-06
PAK2,6.0689287246659e-05,7.080377852988899e-05
PALD1,5.143649365564119e-05,3.512016494203368e-06
PARK7,0.0004011582203224271,0.0005110508563885903
PARP1,0.0002458170286994242,0.0001321360440160835
PARVG,3.0737919069947535e-05,2.2546749717956527e-05
PBXIP1,1.4132902234120322e-05,0.0001132282334690584
PCBP1,0.00026940130955355396,0.00018859389179024812
PCBP2,0.00014765997409441726,7.820050932047984e-05
PCCA,1.1448611614276314e-05,0.0001990705150484942
PCCB,1.4686659759363398e-05,0.0001736419602774291
PCK2,1.409261107427538e-05,0.0018027422037928797
PCMT1,8.941666338762256e-05,0.00017964327528110228
PCNA,6.977477315150456e-05,7.351537513790563e-05
PCYOX1,1.5190690726093311e-05,0.00047875527124657395
PCYT1A,3.689995711168411e-05,1.9634131067029563e-05
PDCD11,1.4456837538185079e-06,4.474134403227453e-06
PDCD5,3.656965793234738e-05,2.138316957176757e-05
PDCD6,5.5609830712544904e-05,0.00022929718719413421
PDCD6IP,8.206729083772993e-05,0.00043618848683176734
PDE12,1.4985420616768688e-06,2.1239372781948506e-05
PDHA1,6.210126454438402e-05,0.0005231415252468463
PDHB,9.5579584743277e-05,0.0013316463125754435
PDHX,3.255027847626622e-05,0.00023597346672144792
PDIA3,0.0005798694891744748,0.005546594338724942
PDIA4,0.0001328616554257078,0.003579512946567418
PDIA6,0.00013992234492698547,0.002346235376741669
PDXK,0.00018089184971022284,0.00017075135133922954
PEA15,0.00045447705593706233,2.3908417278692155e-05
PEBP1,0.0008451788470034676,0.0013779107287284547
PELP1,2.7675529942619913e-05,1.4888837003000448e-05
PEPD,4.139670751442838e-05,0.00035767250496219463
PES1,9.223403327932113e-07,1.327567179149964e-05
PEX14,9.931319207160892e-06,0.0001010245814188017
PFAS,1.827134839126792e-06,1.0299371705081378e-05
PFDN2,4.291058711777019e-05,1.3219913852590208e-05
PFDN4,2.5795717473481596e-05,2.2586367200865863e-06
PFDN5,1.972100705771687e-05,2.3371380288143404e-05
PFDN6,3.0994080106131616e-05,4.721083380028968e-06
PFKL,0.00010243751354976944,0.0004476628837336559
PFKM,1.0050927941767847e-05,7.062916814225156e-05
PFKP,4.343439227107073e-05,0.00044907150534821
PFN1,0.0022129141626326693,0.001904280345175321
PGAM1,0.000559677736024479,0.0006987643596697422
PGAM5,5.850368755940502e-06,0.00011320915838469465
PGD,0.00010204383659682511,0.0008345349409142115
PGK1,0.0008898885839694209,0.003506147237476059
PGLS,0.00010126692185542041,0.00015061980076456057
PGM1,2.874172999212904e-05,4.489687933554821e-05
PGM2,0.000268345749421692,0.00012057507557746711
PGP,3.5412657227143845e-06,1.3055868127061927e-05
PGRMC1,8.700561789814701e-05,0.0004532680239082358
PGRMC2,3.832108875364893e-05,0.0001454401817027106
PHB,0.00012784383011268187,0.001839131595502194
PHB2,0.000203903181036712,0.0014028550698195169
PHPT1,3.391865218695425e-05,1.6480872890282944e-05
PICALM,7.910758695335541e-05,5.908287284545344e-05
PIK3R1,6.143849805154849e-06,6.120314183819372e-06
PIN1,4.858634077239963e-05,2.606390181179629e-05
PIN4,1.040802766838559e-05,1.5226319264820701e-05
PIP4K2A,7.586763165321836e-05,1.605681909173489e-05
PIP4K2B,8.893967387196944e-06,6.6486940206953415e-06
PIP5K1C,2.260560918375561e-05,1.6458863177555536e-05
PITHD1,3.951886242628897e-06,1.0631131441592505e-06
PITPNA,4.0347772236950464e-05,3.9762747013334894e-05
PITPNB,6.231599012769318e-06,7.219919431680664e-05
PITRM1,1.2659695221633444e-06,0.0002857887831944809
PKM,0.0007778958221130263,0.00332537574432055
PLCB2,4.9200183719374596e-05,5.062527390140154e-05
PLCG2,2.0173906193791546e-05,4.236869700025997e-05
PLD3,1.744372340085061e-05,0.00043576296571903747
PLD4,2.046289037215125e-05,2.853485889399327e-06
PLEC,0.00014136134360047094,0.0011161858981159397
PLEK,4.906748587853002e-05,0.00011268092527923685
PLEKHO2,5.5859186216498074e-05,0.00014282689514487639
PLIN3,7.318617165297482e-05,0.00014790526952818025
PLXDC2,2.2204383911876688e-05,0.00010256232668135659
PLXNA1,8.299657722996827e-06,1.0370389711481814e-05
PLXNB2,1.4264074350924927e-05,0.000135281965621921
PML,0.00010684203794936092,0.0003285609915947433
PMVK,5.956346350769323e-07,1.1528394063779829e-05
PNN,7.387953292787495e-05,1.4155033180668673e-05
PNP,3.803993394865221e-05,0.00014674609132453678
PNPLA6,3.922255075747415e-06,2.43911636445133e-05
POLR2A,2.636362809672701e-05,1.815654568592959e-05
POLR2B,2.670691600571978e-05,3.362350447656995e-05
POLR2C,1.888519133824289e-05,2.2756575645957815e-05
POLR2D,2.7307850524303967e-06,1.566944814773251e-05
POLR2E,2.9061951362675456e-05,6.285240297856748e-06
POLR2H,3.1860731511466002e-06,3.6627096606770194e-06
POR,1.2917924015398008e-05,0.0004890558168030008
PPA1,6.998696924495798e-05,6.19793510403803e-05
PPA2,2.8656811404115038e-05,0.0003782295766495935
PPIA,0.0017140927404865934,0.002828981742562813
PPIB,0.0003288320752204026,0.001738473842628849
PPIF,8.146442908877947e-06,0.0001556526884082278
PPIH,3.10118266857544e-05,2.45261565492414e-06
PPIL1,1.7536391060962343e-05,1.2910897485897403e-05
PPM1A,1.7820677615304253e-05,2.6775549189982475e-05
PPM1G,2.952490823222413e-05,8.551947245943383e-06
PPP1CA,8.378192360422541e-05,0.00015712000259005497
PPP1CB,3.750691422516291e-05,4.8177793846113795e-06
PPP1CC,1.5501697526450973e-05,7.659526760556089e-06
PPP1R12A,1.812554136886941e-05,1.7494786989925527e-05
PPP1R12C,5.433665415182434e-06,1.7755968914290769e-06
PPP1R21,1.2175478592106798e-06,2.60697710685236e-05
PPP1R7,3.450304464489458e-05,4.9127146121755984e-05
PPP1R9B,1.4256064299715096e-05,3.928880453260471e-06
PPP2CA,3.332843788728247e-05,0.00011998374796219075
PPP2CB,3.332843788728247e-05,6.500788751167161e-06
PPP2R1A,9.729863407936187e-05,0.00031666107358012483
PPP2R2A,2.1153882759726173e-05,4.6829332113014615e-05
PPP2R4,5.2605961132276566e-05,1.9720702603757368e-05
PPP2R5D,1.7095336361513734e-06,5.7191504865078195e-06
PPP3CA,9.880382107073912e-05,1.6765531841557417e-05
PPP3CB,2.0760667539057086e-05,1.6765531841557417e-05
PPP3R1,9.703861858244524e-05,7.1070829710981545e-06
PPT1,0.00028500986798875164,0.0002981142223218292
PRDX1,0.0015706385451602456,0.0024174001145602876
PRDX2,0.0011173278651011058,0.0002857594369108443
PRDX3,0.00020601891862318848,0.0015778029397187723
PRDX4,9.002454396565186e-05,0.001921447921102699
PRDX5,0.0003068891522282173,0.0009722863963041478
PRDX6,0.00031796691252419985,0.0005636687429489131
PRKAR1A,2.4769065797113742e-05,0.00010088812119989177
PRKAR2A,0.00018192733452576944,6.367703354875436e-05
PRKCA,2.3330006897679305e-05,0.00012491832555567558
PRKCB,1.3932289598180861e-05,0.00012027134154182889
PRKCD,5.177116925393467e-05,2.8355846563810354e-05
PRKCSH,0.00016718402222376408,0.0017261484035015007
PRKDC,6.855319015371448e-05,0.0003726244364750137
PRNP,3.1069282241048977e-05,2.401553121396554e-05
PROSC,5.826599581423108e-05,0.00011493031791997793
PRPF19,0.00011532064704199294,5.5279594486157374e-05
PRPF40A,4.798622934178437e-05,1.4963670026273634e-05
PRPF6,3.289535308841106e-05,8.30719924041461e-06
PRPF8,5.922499367461615e-05,5.997940181054985e-05
PRPS1,5.3936151591332775e-05,0.0003247459747219926
PRPSAP2,1.166215275392287e-05,3.5256625160943604e-05
PSAP,0.0012980900282679314,0.0014112040875141137
PSMA1,5.8386849218449596e-05,0.00015993724581916317
PSMA2,7.811887762482359e-05,8.430453631688092e-05
PSMA3,2.3433916734927642e-05,8.720981839689875e-05
PSMA4,4.119752022594731e-05,9.060518341364685e-05
PSMA5,0.00014441399619938563,0.00024019933156511022
PSMA6,4.4508943652167056e-05,0.00021303934605948903
PSMA7,0.00010217793970981175,0.00027824678829988913
PSMA8,0.00010217793970981175,0.00027824678829988913
PSMB1,4.840722880023392e-05,0.00018450008522295026
PSMB10,3.0337617262619122e-05,1.5688523232096264e-05
PSMB2,6.783108102585074e-06,6.47320324454881e-05
PSMB3,8.264606220710195e-07,0.00014325241625760625
PSMB4,2.9804216108119828e-05,0.00014466250518634219
PSMB6,2.784271717689429e-05,1.872439627429671e-05
PSMB7,5.481524969278268e-06,3.7846434691868584e-05
PSMB8,3.700422830462613e-05,6.474083633057907e-05
PSMB9,3.748563438986862e-05,6.485675415094341e-06
PSMC1,2.8483561424313426e-05,0.0001988650910630384
PSMC2,3.316175253591598e-05,0.0001518963641027502
PSMC3,3.2357093707363445e-05,0.00025937712792159154
PSMC4,6.727579777656769e-05,0.00016147792571008174
PSMC5,2.4304984709851406e-05,0.00019124973045935533
PSMC6,3.267472536210518e-05,0.00024165197260511912
PSMD1,3.937331638300256e-05,0.00023224648869960688
PSMD11,2.8656951931329246e-05,0.00021700109435042242
PSMD13,8.550157519979973e-06,0.00015778029397187722
PSMD14,1.526141606547235e-05,4.0936598358796636e-05
PSMD2,0.00010165818977040692,0.00037530962142775745
PSMD3,2.7542530972030607e-05,0.00011673217973526171
PSMD4,4.651912522545736e-05,0.00011581070642907425
PSMD5,1.3875677206171526e-05,1.1164793609523052e-05
PSMD6,3.580243956872301e-05,0.00010202382237662601
PSMD7,5.0507889824157584e-05,6.583692002440398e-05
PSMD9,3.7196951341253646e-05,2.8891416240177276e-05
PSME1,0.00016869669730812698,0.00025623707557248136
PSME2,0.00025045543053408973,0.00010303186721954129
PSPC1,5.317098090997257e-05,1.2249138789893341e-05
PTBP1,0.0003308871853516067,0.00011209546692068781
PTBP3,1.1158222163774533e-05,1.9168992471390347e-06
PTGES2,4.2887098997681205e-06,0.00019095626762298987
PTGES3,3.4604344691021917e-05,9.852134342460452e-05
PTGR1,6.234650460849253e-06,2.185711205249775e-05
PTGS1,0.00014292521074143802,0.0003815750529841595
PTMA,0.0008708551765708217,3.719788182350097e-05
PTPN11,4.497312511601097e-05,8.127159790304413e-06
PTPN23,1.323330723471242e-05,1.0624528527774282e-05
PTPN6,8.758760131812949e-05,0.00017568152699016888
PTPRC,5.3215106455233746e-05,0.0016577715626283538
PTPRJ,2.9774504639973087e-06,0.00010720050681011233
PTRHD1,3.782892229886139e-06,6.894615877569578e-06
PUF60,3.8495362574582625e-05,4.193877394498461e-06
PURA,0.00012070805892838477,4.771558987883823e-05
PURB,2.344367333865691e-05,3.958960393987928e-06
PYCARD,0.0005178925711393482,7.426223805645567e-05
PYGB,6.436849046777627e-05,0.00015751617741914832
PYGL,2.5110446551056554e-05,0.0013198197602699165
QARS,6.1475436633568775e-06,7.024473182661283e-05
QDPR,8.125444128012074e-05,0.000202460010808515
RAB10,0.00020147627604734733,0.0005444909465924318
RAB11A,0.00012725502108515218,0.0004669580652246834
RAB11B,0.00012725502108515218,0.0004669580652246834
RAB14,0.00010666557591894885,0.0003392136925548087
RAB18,1.0308634777308212e-05,0.00011797939678981482
RAB1A,0.00018286926836728646,0.00047062635067925135
RAB1B,7.997965869409494e-05,0.00019623859867756775
RAB21,3.062601925680568e-05,0.00011047701937813242
RAB2A,9.173235112460012e-05,0.00037407707751502256
RAB31,7.477874649627287e-06,0.0002600227461615955
RAB35,2.2640540234144346e-05,0.00013387774594991237
RAB3GAP1,2.672506409166887e-06,1.8319417560112408e-05
RAB3GAP2,6.511810277899207e-06,2.2188725057590693e-05
RAB4B,3.6283122942578148e-06,2.4021400470692848e-05
RAB5A,1.5515649871290153e-05,5.1791788675954154e-05
RAB5B,2.895986837921182e-05,4.311262529044636e-05
RAB5C,9.40960188675714e-05,0.0008385847280560545
RAB6A,0.000136804648303209,8.47300574296108e-05
RAB6B,3.290223892190723e-06,1.2630053551495679e-05
RAB7A,0.00011160992557426054,0.0045011329841730735
RAB8A,6.636658670064473e-05,5.778429979453638e-05
RAB8B,6.0604167905481854e-05,3.4530304640939146e-05
RABEP1,1.7752200711352538e-06,7.007158875315723e-05
RAC1,0.0003494962005632991,0.00044305551720271857
RAC2,7.614206122724943e-05,0.0001815067642920228
RAD23B,0.00013361628656600243,3.5491395430035954e-05
RAD50,3.97227071881552e-05,1.3445880236591594e-05
RAE1,3.388091059228136e-05,1.637962821173687e-05
RALA,5.1129020110955034e-05,0.0002120562455576648
RALB,1.1780295990438804e-05,0.00023972979102692552
RALY,0.0002557296176364629,4.809855888029513e-05
RAN,0.00028298547309151006,0.000262209044292518
RANBP1,7.259676036595566e-05,2.8933968351450264e-05
RANBP2,4.0790432961704304e-05,4.469438997845606e-06
RANBP3,1.997084436926161e-05,1.7885092562291559e-06
RANGAP1,3.303037966594822e-05,3.31026079420213e-05
RAP1B,0.00020603678565470917,0.00048617988100661954
RAP1GDS1,5.9179221953417124e-06,8.177488666741086e-06
RAP2A,2.0896597505828433e-05,0.00048563697475934346
RAP2C,2.0896597505828433e-05,0.00019301050747754794
RARS,1.7990032983740687e-05,0.00025663325040157467
RASSF2,2.266964944280163e-06,1.5990789953552662e-05
RBBP4,0.00011523352016918424,1.3465688978046262e-05
RBBP7,1.8418922041502183e-05,4.800758540102184e-05
RBM14,0.00013205522996931953,9.045698468128232e-06
RBM3,8.817540657984343e-05,1.5874872133188317e-05
RBM39,8.381605164196154e-05,6.162426100837812e-06
RBM8A,0.00011693169117630111,7.349923468190554e-05
RBMX,0.0004928333567955285,3.4566987495484825e-05
RBMXL1,1.4017188110878546e-05,3.4566987495484825e-05
RCC1,8.401740706460467e-05,0.00011394575010397189
RCC2,0.00014256706709837188,1.1540719502907177e-05
RCN1,3.1935973797016e-05,4.5833025783553955e-05
RCN2,7.067715861988029e-06,8.07198877706771e-05
RDH11,9.458505357301373e-06,0.000376527492198674
RDX,4.161111189267649e-05,5.4600228019971386e-05
RECQL,1.3980530583286686e-05,2.0667120251035902e-05
REEP5,8.019044951540629e-05,0.0002154897607431404
RENBP,5.067391269008567e-06,0.00013473465743209944
RGS10,0.00025831471611839266,1.0780357293884329e-05
RGS19,9.45587549086406e-06,4.8880637339209016e-05
RHOA,0.0001800535045008931,0.0004026603577770161
RHOC,0.0001800535045008931,2.8756423335449175e-05
RHOG,0.0002748377052117553,0.000880007007409036
RMDN3,4.7210318366195445e-06,2.730818423798574e-05
RNASET2,0.00022780485264178768,0.00024639139741242094
RNF213,1.3771426088545825e-05,0.0001818149002702065
RNH1,0.00011754920790616179,0.00041811117611165644
RNPEP,3.6847159029774695e-05,0.00020969386972492302
RNPS1,6.817738023229082e-05,9.171594024929003e-05
RP2,3.6817728616056368e-06,0.00028396931360901513
RPA1,9.854209917193567e-05,9.434243263476069e-06
RPA3,3.204602668105684e-05,3.26007864918364e-05
RPL10,6.579504244514624e-05,0.000135358265959376
RPL10A,0.00015525004968693114,0.00044464021651909193
RPL11,9.745301326182702e-05,0.00013333285882849086
RPL12,0.00016281884544415074,0.0005909901330145354
RPL13,0.00024212598104168088,0.0002033990918848844
RPL13A,7.427244701879932e-05,7.106055851170875e-05
RPL14,0.00010865524051896485,9.537982376131252e-05
RPL15,0.0001899927936086312,0.0003805919524823353
RPL17,0.00016322516984637375,0.00046795583886832587
RPL18,0.00015186916566626023,0.00018664236392841797
RPL19,0.0001323936998023966,0.0002063777396739936
RPL21,4.865513888141239e-05,0.000143110086781969
RPL22,0.00011537224060492343,0.00012440916753458155
RPL23,0.00010065221566984388,0.0003365431807438832
RPL23A,0.0002643033837284297,0.0002627226042561575
RPL24,7.177046034641516e-05,5.896695502508909e-05
RPL26,0.00010143796355042735,9.898061276351643e-05
RPL26L1,0.00010143796355042735,9.898061276351643e-05
RPL27,7.325523074109969e-05,0.00016558640541919784
RPL27A,0.00014713681135123882,8.950909971982194e-05
RPL28,7.605152155066712e-05,0.00010655048662756287
RPL29,0.00030050459938044116,2.694869226343808e-05
RPL3,8.971919840449513e-05,0.00032141517152924493
RPL30,8.298674032497374e-06,0.00014241457985978293
RPL31,0.0001419750460202317,0.0001682128978046685
RPL32,0.00010491239854512788,0.00014718628557908495
RPL34,5.5082130947879166e-05,6.846781435242011e-05
RPL35,3.9607836228198674e-05,8.567500776270752e-05
RPL35A,2.8625192780918336e-05,1.541560279427641e-05
RPL38,3.37888652669754e-05,4.4623958897728354e-05
RPL4,0.000211692002260748,0.000798233588055807
RPL5,0.00012499112766426826,0.0007053232540625096
RPL6,0.00022237929765439666,0.000306199123463697
RPL7,0.00020032114234656113,0.00031821642661286165
RPL7A,0.00019619988066017945,0.0003926532750569548
RPL8,0.00023113695364381225,0.00022917980205958805
RPL9,6.44658557519058e-05,0.0002613873483506948
RPLP0,0.00010181578100348254,0.0008083140364849598
RPLP0P6,0.00010181578100348254,0.0008083140364849598
RPLP2,0.0004442284062049045,0.0005246235125704918
RPN1,0.0002655346028780512,0.002448800638051389
RPN2,5.7996123337003606e-05,0.001419274315514163
RPRD1B,3.6477331552613004e-05,8.90909151780012e-06
RPS10,0.00014038427795540204,9.556617266240457e-05
RPS11,0.00011958384121472422,0.0002100753714121981
RPS12,0.00017705364998388785,0.00042908668619172374
RPS13,0.00011235130700578704,0.00019085355563026198
RPS14,0.00021710751958998133,0.0002438089244524051
RPS15A,4.9442854142994755e-05,0.00014506014732961736
RPS16,8.517796110079602e-05,0.00010537956991046479
RPS17,9.609291058146094e-05,0.00017158772042287103
RPS18,0.0001212057260198427,0.00029340414379816395
RPS19,0.0001786739287637011,0.00018141872544111316
RPS2,0.00011212967551366537,0.00033494380828569156
RPS20,0.0002063742517219705,0.0002527155215360961
RPS21,5.635623097315024e-05,0.00022115359348499336
RPS23,6.773833306447374e-05,0.00011750251968072098
RPS24,3.310178756608198e-05,0.0001121438882886881
RPS25,0.00014808255950285573,9.877225414969697e-05
RPS26,8.345730573940593e-05,6.903859956915089e-05
RPS26P11,8.345730573940593e-05,6.903859956915089e-05
RPS27,2.5172639881001557e-05,0.00012673632782695947
RPS27A,0.0009033972643180313,0.0010394160201227414
RPS27L,5.737131926732044e-05,7.045162312625046e-05
RPS28,0.00016932364943665588,0.00012496381229531222
RPS3,0.00017822926050731574,0.0004438185205772687
RPS3A,0.00012559639845117655,0.0004939272998866671
RPS4X,0.00013216725023435926,0.000339125653703899
RPS5,6.0845272454429404e-05,0.0004430995366281734
RPS6,0.00015515569570024893,0.00022256221509954746
RPS6KA1,2.7280387491584544e-05,3.8983603182784654e-05
RPS6KA3,3.2348902978306774e-05,3.414293369693677e-05
RPS7,0.00015380101335528797,0.000121993968391294
RPS8,0.00018340708609137515,0.0002479907698706126
RPS9,7.533904857463476e-05,0.0001539212576736717
RPSA,0.00020838640067625972,0.0007875662139539233
RRBP1,5.872913336162659e-05,0.000361091347005852
RRP12,3.191192356807019e-06,4.67853126875598e-06
RRS1,1.7716065141984876e-06,3.9589603939879284e-05
RSL1D1,2.8315189746376444e-05,2.9104176796542217e-05
RSU1,1.232253028411686e-05,6.736145945932242e-05
RTCA,4.666768256619107e-06,5.104492575740412e-05
RTCB,8.956722825998781e-05,7.770162249865858e-05
RTN1,6.253633679957064e-05,1.0090866359843735e-05
RTN3,1.1917510777454335e-05,0.00019399360797937214
RTN4,0.0002691463530363488,0.0001527519060917009
RUFY1,9.236693187332886e-06,3.052747155291459e-05
RUVBL1,4.577774379393087e-05,8.397732525433346e-05
RUVBL2,4.389026255396008e-05,5.628910664325448e-05
S100A11,0.001275543440514143,0.0010209131882899006
S100A13,5.711871156212418e-05,2.1019275654674427e-05
S100A4,0.00023188821213096592,0.0003301750371947532
S100A6,0.0003850772896943289,5.947024378945582e-05
S100A8,0.00024565602466257495,4.065047209334034e-05
S100A9,0.0005442964301699711,0.0001136112024705153
S100B,0.00021200598020792037,7.598193027755713e-05
SACM1L,2.6049128191330473e-05,0.00027159985505621195
SAE1,4.522246054464782e-05,1.2191326611129351e-05
SAFB,0.0001483569890768868,1.2649862292950346e-05
SAMHD1,0.0005793115961340707,0.0007672439125356169
SAMSN1,3.13364646258902e-05,1.24702630370947e-06
SAP18,7.576113210016534e-05,3.5971207167493445e-05
SAR1A,2.854744108082892e-05,3.325667593111315e-05
SARS,3.754967464891464e-05,9.652432882313772e-05
SARS2,1.6544931414095326e-05,6.808777997932687e-05
SART3,7.156508986050896e-05,2.8121076294718005e-06
SASH3,4.9151581378575094e-05,3.484724450421382e-05
SCAMP1,3.6177948360401944e-05,1.4298829970487737e-05
SCAMP2,4.432473254965725e-05,0.00043092082891900776
SCAMP3,2.6291778539634307e-05,0.00010215588065299046
SCARB2,5.845731357871653e-06,0.0007027114348188572
SCCPDH,2.5377408107418303e-05,0.0003524928859003447
SCFD1,9.220552633015332e-05,2.330241652159753e-05
SCLY,8.504947907637766e-06,4.50201337268217e-06
SCP2,0.00010779681999331978,0.0011743942517090241
SCPEP1,8.96278557152602e-06,5.295096687959763e-05
SCRN1,8.290061721798081e-05,5.0639947043219813e-05
SDCBP,7.6168359891622564e-06,0.0002668608704431647
SDHA,9.609471735992933e-05,0.0018108124317929293
SDHB,5.8738568760294815e-05,0.0008257750752487033
SDSL,1.0835009571097128e-05,0.00010131217499843982
SEC13,1.0494572357021137e-06,6.382816690948256e-05
SEC16A,1.1206483224196674e-05,1.8174153456111515e-06
SEC22B,8.902659999161498e-05,0.00017287895690287896
SEC23A,2.4654917548544564e-05,6.967247929570024e-05
SEC23B,3.166957434951108e-05,4.796796791811251e-05
SEC24C,2.0912577457615466e-05,2.4727178592151724e-05
SEC31A,3.41367504234044e-05,2.0903357834310078e-05
SEC62,2.440134622816517e-05,8.673000665944126e-05
SEL1L,2.8512168750062823e-05,0.0003056268709327844
SEPHS1,1.3341292361172777e-05,2.8292752053991786e-06
SERBP1,0.00013990166735118064,9.649938448204666e-06
SERPINB1,6.664916685309984e-05,4.738104224538164e-05
SERPINB6,3.693814036331594e-05,3.432928259802882e-05
SERPINB9,6.903700527691482e-05,2.3661908496145188e-05
SET,0.0004664198616130741,7.505605502882417e-05
SETSIP,0.0004664198616130741,7.505605502882417e-05
SF1,0.0001240714774238613,1.327611198575419e-05
SF3A1,0.00010338848128362838,4.750136200829147e-06
SF3A3,6.474470189552624e-05,1.0611029237301472e-05
SF3B1,7.301533071113105e-05,3.532705624167131e-05
SF3B2,0.00012425757560610476,1.9138178873571976e-05
SF3B3,6.951158575461009e-05,6.142470627964962e-05
SF3B4,7.633438275755065e-05,3.885888147732935e-06
SF3B6,3.046186339529493e-05,4.198132605625759e-06
SFPQ,0.0006805572381541969,0.00021083837478674824
SFXN1,4.459781707749519e-05,0.0002903227840163269
SFXN3,2.1748634080885233e-05,0.0020449957752125478
SGTA,1.6093517851427985e-05,3.5497264686763266e-05
SGTB,5.398694214161065e-06,1.3184404849389989e-05
SH3BGRL,0.00023889124532378584,0.0005761996060617173
SH3BGRL3,0.00043865549839575867,0.00036721004714407134
SH3BP1,4.106331673637908e-05,4.221169438280446e-05
SH3GL1,7.714341800505992e-06,4.172601338861967e-05
SH3GLB1,1.267553464620627e-05,1.0681020123774629e-05
SH3KBP1,5.386207367412907e-05,4.0431842280248084e-05
SHMT2,1.1547863978139487e-05,0.0007360488130299709
SIAE,3.185029234698201e-05,2.2668536795048184e-05
SIRPA,0.000297489407321771,0.00014437491160670406
SIRPB1,0.000297489407321771,0.00014437491160670406
SIRT2,3.5303969464612454e-05,1.6521957687374106e-05
SKAP2,4.067034241950577e-05,8.998597682891578e-06
SKP1,9.896649135884253e-05,1.462119889623517e-05
SLC1A3,9.449351013061565e-05,1.7747165029199803e-05
SLC25A11,0.00019389182154340174,0.001284281410786062
SLC25A12,2.8036183000225478e-05,0.00019139646187753804
SLC25A22,1.0920952000243212e-05,7.284774718517426e-05
SLC25A24,2.1495745321260557e-05,0.0025337581291791835
SLC25A3,0.0003629850063487572,0.0015233655835729836
SLC25A4,7.33626336833869e-05,7.402746778736332e-05
SLC25A5,0.0005411221211541854,0.005505656273051964
SLC25A6,0.00011978118157410427,0.0015286479146275616
SLC39A7,8.026613345791523e-06,2.285782032450389e-05
SLC3A2,5.406718318092318e-05,0.0006693300371822888
SLC8A1,5.843523073076962e-06,1.3193942391571867e-05
SLC9A3R1,6.021745708729894e-05,2.1170409015402628e-05
SLCO2B1,3.1538964341563304e-05,5.867642681708731e-05
SLIRP,3.3660282865975475e-05,0.00025675063553612083
SMARCA5,6.582435240696667e-05,3.123618430273712e-05
SMARCC2,8.597816320912653e-05,3.5607313250400304e-06
SMARCE1,4.556414242833537e-05,2.658626566052677e-06
SMC1A,7.095078518125873e-05,2.6071238382705426e-05
SMC3,7.511239825343427e-05,3.829983477405319e-05
SMS,4.675561245165238e-06,0.0004350733280535787
SMU1,3.6472914983023625e-05,2.8539260836538753e-06
SNAP23,2.7021275383902108e-05,0.00021921673876498145
SNAP29,1.2919248986274821e-05,5.513579769633831e-05
SNAPIN,1.6384509561419228e-05,3.6754752940589164e-05
SND1,6.23800303867392e-05,0.0002836758507726497
SNRNP200,4.814542660016522e-05,6.873486553351266e-05
SNRNP70,0.00015452111495152017,2.5377198774701168e-05
SNRPA,0.00012038825913948096,2.0692064592126967e-05
SNRPA1,0.00023738459283431754,1.699883479646794e-05
SNRPB,0.00010555260038242492,1.9430174395755587e-05
SNRPB2,2.2377633891678303e-05,2.763246067216955e-06
SNRPC,3.9061145214298605e-05,3.272550819729171e-05
SNRPD1,0.0001277480708538576,8.796108325799426e-06
SNRPD2,0.00024416382640085377,4.181992149625661e-05
SNRPD3,0.00020068289954656401,8.434708842815392e-05
SNRPE,5.7130335170270787e-05,2.6637621656890718e-05
SNRPF,8.791081391080689e-05,2.4565774032150735e-05
SNRPG,8.00049535926523e-05,2.6843045642346524e-05
SNRPGP15,8.00049535926523e-05,2.6843045642346524e-05
SNRPN,0.00010555260038242492,1.9430174395755587e-05
SNW1,3.750047004862568e-05,1.3583220844010619e-06
SNX1,2.279530084761951e-05,7.053526003461462e-05
SNX12,3.5325530354335154e-05,1.6642277450283933e-05
SNX18,4.3376334456286694e-05,4.734289207665413e-05
SNX2,7.179655825762513e-05,0.00026085911524523697
SNX27,9.76945193171009e-06,3.091777712528062e-05
SNX3,0.00014016184345062778,9.16983324791081e-05
SNX4,1.8246655752200018e-06,1.033238627417249e-05
SNX5,6.231839916565102e-05,0.00022062536037953555
SNX6,8.167642442906975e-06,0.00017349522885924638
SNX9,3.5497776568321003e-06,4.2745796744989556e-05
SOAT1,2.252059021916003e-05,4.261960772535242e-05
SOD1,0.00047097294335339925,0.00021176278272129937
SOD2,0.00017689545649132276,0.004737664030283616
SORD,2.174759016443683e-05,9.870329038315108e-05
SORT1,3.130083093943042e-06,0.00012560649590695252
SP100,4.603559115668544e-05,6.057659868255351e-06
SPAG9,1.4509635620094494e-06,5.669995461416609e-05
SPCS2,5.651643199734687e-05,0.00043447172923902954
SPCS3,1.4781053896678252e-06,5.946730916109216e-05
SPI1,5.7021326202678335e-05,2.1620874469223575e-05
SPP1,1.4047802968259481e-05,0.00015583089371561072
SPR,1.0671737023504249e-05,0.0001210328776021972
SPTAN1,0.0003646633429433545,6.11048317880113e-06
SPTBN1,0.00023936859619513265,9.168952859401714e-06
SPTLC1,5.7896007734538874e-06,7.517637479173401e-05
SQRDL,6.82068909472744e-05,0.005784005773344581
SQSTM1,9.863825993708629e-06,5.9182650209817686e-05
SRC,1.0174632040903138e-05,1.0116397626607527e-05
SRGAP2,6.406788268126998e-05,3.6880941960226298e-06
SRGAP2B,6.406788268126998e-05,3.6880941960226298e-06
SRI,0.00018731273888052976,0.00010730321880284023
SRP14,0.00013123013446875794,0.0001243299325687629
SRP54,6.1386904488618e-06,1.716023935646893e-05
SRP68,2.7641723109944835e-05,2.3883472937601094e-05
SRP72,2.145172015258096e-05,1.0660330993810866e-05
SRP9,6.611223244292903e-05,5.729274954362427e-05
SRPRB,3.322045276082211e-05,0.0002871240390999436
SRRT,6.134615159649781e-05,9.705109461441368e-06
SRSF1,0.00024281938246721368,0.00041538197173345785
SRSF10,7.808414732759802e-05,3.093245026709889e-05
SRSF2,0.00025370060541646873,4.303632495299134e-05
SRSF3,0.0004670066631089722,5.708292361562298e-05
SRSF4,6.085932517585016e-05,1.978819905612142e-05
SRSF6,0.00028346507239828414,1.978819905612142e-05
SRSF7,0.00027015433466854336,8.139045035177213e-05
SRSF9,0.00013020247902657435,1.4613862325326033e-05
SSB,0.00028271104351747895,6.0284603160369904e-05
SSBP1,0.0001420647826841614,0.0007578384286301045
SSR1,3.9820955786202606e-05,0.0002564424995579371
SSR4,1.726818483498904e-05,0.0003216939612237921
SSRP1,2.678591237542075e-05,0.00018595272626295917
ST13,0.00020419166333216383,0.0003128754029910107
ST13P4,0.00020419166333216383,0.0003128754029910107
ST13P5,0.00020419166333216383,0.0003128754029910107
STAB1,2.9165218789801703e-06,0.0022670004109230013
STAT1,3.129446706415845e-05,8.033838608340204e-05
STAT3,4.884876530727409e-05,4.320946802644695e-05
STAT5A,5.11161719085132e-05,9.75000927540528e-06
STIM1,1.6713644372409666e-05,0.00028552466664175195
STIP1,0.00012985758509227632,0.0006284506640765835
STK10,2.262835451714092e-05,0.0003382012457693479
STK24,1.2898972916796302e-05,1.703551765101362e-05
STK4,1.782674036083149e-05,6.578556402804002e-05
STMN1,0.0001834036732876015,1.9691356320120824e-05
STOM,2.8158281074055537e-05,0.0006129704994583066
STOML2,2.549783992999419e-05,0.0004952625557921298
STRAP,6.171694268884263e-05,5.422753021778728e-05
STT3A,4.7375337466307755e-06,0.0005087765194067582
STT3B,3.6134565601844433e-06,0.00011275135635996456
STX12,4.991004690428597e-05,0.0003438357322275643
STX7,7.612339118307614e-05,0.0003454057584021194
STXBP1,0.0005362311096067919,1.1277776801523746e-05
STXBP2,2.6989837438552245e-05,0.0006823010945496411
STXBP3,1.1381138476140366e-05,2.958839047654519e-05
SUB1,0.00033302560804551956,0.0001359202472910158
SUCLA2,4.5639083584140634e-05,0.00033308031927477104
SUCLG1,7.386331207229214e-05,0.0008218280000995881
SUCLG2,2.601879438837795e-05,0.0007096811771825364
SUGT1,8.155858232229853e-05,7.389540951099887e-06
SUMF2,1.9831662201247172e-05,0.0003011222163945749
SUMO2,0.0006263860046088112,1.551831478700431e-05
SUN2,5.0052380896961915e-05,0.0001576775819791493
SUPT16H,4.696052120528333e-05,0.00015604886323732114
SWAP70,4.986987619633892e-05,9.098228315837644e-05
SYK,4.985323375911348e-05,7.326446441281319e-05
SYNCRIP,7.87865826454727e-05,0.00022876895408867643
SYNE1,3.2884371890386554e-05,7.924230238957713e-06
SYNGR2,2.407614617917254e-05,8.392743657215134e-05
TACC1,7.7147433068323e-06,8.96250175401863e-06
TAGLN2,7.598145869672649e-05,4.7894602209021154e-05
TALDO1,0.00036283925955230765,0.00037149460455500674
TAP1,1.4467477455832223e-06,0.00013696644230265859
TARS,2.747102269531527e-05,0.00011742328471490232
TBC1D15,6.5875142957244545e-06,1.0308175590172341e-05
TBC1D4,7.315625943166493e-06,3.5627855648945885e-06
TBCA,0.0001118596625092237,6.585452779458589e-05
TBCB,7.571786979350573e-05,3.136970989328339e-05
TBL3,5.525329309478399e-06,6.433732493057659e-06
TBXAS1,5.1980815782216045e-05,0.00043048063466445956
TCEA1,3.889108720979113e-05,5.891119708617966e-06
TCEAL3,7.368745230136954e-05,5.300819213268889e-06
TCEAL5,7.368745230136954e-05,5.300819213268889e-06
TCEB1,3.0158304537290268e-05,0.00014315850814996931
TCEB2,5.632591724551403e-05,5.593108198288864e-05
TCERG1,2.393025885550877e-05,4.658869258719496e-06
TCP1,0.00013648043194471583,0.00043296039563174755
TECR,4.818858853024326e-06,0.0003432047871293786
TEX264,7.135209075440291e-06,8.647322667762151e-05
TFAM,4.099560269444735e-05,5.2209973217774904e-05
TFG,3.595701950435133e-05,5.0615002702128756e-06
TGOLN2,1.3938472795605993e-05,2.885179875726794e-05
THUMPD1,4.057968229102558e-05,2.711743339434821e-06
TIAL1,3.4513744788490667e-05,2.7214276130348804e-06
TIMM13,2.6299467385783095e-05,0.00027764518948534
TIMM44,1.0966643420176989e-05,0.00021798419485224662
TIMM50,2.164861885500207e-06,0.000259509186197956
TIMM9,3.899469591729474e-05,0.00019481530392119538
TKT,0.0005795663518981128,0.0007987471480194466
TLN1,0.0002206572370208645,0.00228152682132309
TLR3,3.464718541603891e-06,1.2791751574333036e-05
TM9SF2,4.669337897107474e-06,0.00039896272603881164
TMA7,0.000142423528586717,3.426472077402843e-06
TMED10,0.00011917550928086966,0.0005491570056906423
TMED9,5.8585795603134876e-05,0.0003323173159002209
TMEM109,0.0002520403767571879,0.00020046446352123005
TMEM165,7.503209698817281e-06,9.16763227663807e-05
TMEM173,2.1452723918396725e-05,0.0002531850620742808
TMEM245,1.951380971802597e-05,2.2000908842316813e-05
TMEM30A,8.05331351649096e-06,0.00010594595318465008
TMEM43,1.5214620503141228e-05,0.0002877990036235841
TMOD3,4.2715655796347975e-06,7.501643754591484e-05
TMPO,0.00021149551510231133,6.833869070441933e-05
TMSB10,0.0008614318230923885,0.00019927593903395002
TMSB4X,0.0094202618797206,0.004687041691010577
TMX1,9.281621745246676e-05,0.00042351089230078045
TNPO1,6.366344535878059e-05,6.074827444182729e-05
TOLLIP,2.8338758167730683e-05,9.55133493518588e-05
TOM1,2.8662030986357036e-05,0.00010085143834534609
TOMM22,2.1544809394335313e-05,0.00042210227068622635
TOMM70A,3.500418476607508e-05,0.0004493502950427572
TOP1,5.970800578516387e-05,0.0003407690455875455
TOR1AIP1,8.559131186372942e-05,0.00027625124101260417
TOR4A,2.7934401146506567e-06,0.0001282271190356959
TOX,4.333618382365596e-06,4.107599320607022e-06
TOX3,4.333618382365596e-06,4.107599320607022e-06
TOX4,4.333618382365596e-06,4.107599320607022e-06
TP53BP1,8.542950481422757e-05,3.117749173546403e-06
TP53RK,8.791021165131743e-06,1.0030853209807004e-05
TPD52,4.4283377398047596e-05,9.128308256565101e-06
TPD52L2,7.347365018261088e-05,0.00011175064808795843
TPI1,0.003613376258919182,0.00269281498648925
TPM1,1.0343063944789065e-05,1.563716723573231e-05
TPM3,0.00036733773643225504,0.0007087032856460577
TPM4,0.00047065173829235335,0.0003742678283586601
TPP1,0.0003980497583441557,0.0008061277383540372
TPR,6.0287981673514823e-05,2.409329886560238e-05
TPT1,7.055285226125554e-05,0.00020498379120125778
TRA2A,1.884644597775423e-05,1.6542500085919684e-05
TRA2B,0.0001600775610012874,5.574766771016025e-05
TRAP1,5.830674870635128e-06,0.0004775960930429305
TRIM25,2.3184099498699217e-05,0.00010964945417958189
TRIM28,0.00015945121113224796,3.563665953403684e-05
TRIP12,1.6913333543798618e-05,2.525981364015499e-06
TRMT112,3.5072179862435223e-06,2.3242256640142615e-05
TRMT1L,3.6580237624045577e-06,3.77554612125953e-06
TRNT1,6.154790852546724e-06,8.281521242232633e-06
TSG101,5.200309938332611e-06,2.418280503069384e-05
TSN,1.7419954226333216e-06,4.373329918935925e-05
TST,2.061935738751322e-05,0.00011852377035127271
TTC1,6.652116663627306e-06,1.1364641801087915e-05
TTLL12,9.049992745599975e-06,2.0937106060492104e-05
TUBA1A,0.00019938201904932823,0.002693108449325616
TUBA1B,0.003804011462649905,5.8130585941447594e-06
TUBA1C,0.003804011462649905,0.00036037236305675667
TUBA4A,0.00028170366414477385,5.8130585941447594e-06
TUBB,0.0017289243841803862,0.0012121775918910742
TUBB2A,0.002448313306683397,5.009557348176193e-05
TUBB4A,0.0008793219412268276,0.003010928701109384
TUBB4B,0.0008812549934348343,0.003010928701109384
TUFM,5.859476926952785e-05,0.002308672133686893
TWF1,1.250997351255344e-05,2.9322806609634467e-05
TWF2,7.091063454862801e-05,0.00032148853723833627
TXN,4.474667554797363e-05,0.0004557184385918872
TXNDC12,2.6649781655486247e-06,0.00026320681793616047
TXNDC17,3.919705510575364e-05,8.96308867969136e-05
TXNDC5,6.468226766178546e-05,0.0009483691751403646
TXNL1,3.959334184981898e-05,8.737122295689974e-05
TXNRD1,5.852838019847293e-06,0.00020301759019760934
TYMP,0.0002872860073525879,0.0007808165687175183
TYROBP,2.137097723036055e-05,6.0114394715277947e-05
U2AF1,9.599474228467878e-05,1.1245055695268999e-05
U2AF2,5.686809131324314e-05,2.3440344054689282e-05
UBA1,0.00019774808905442055,0.0014153712597905028
UBA2,5.330919946280387e-05,4.3392882299175345e-06
UBA52,0.0009033972643180313,0.0010394160201227414
UBA6,1.2755775685518791e-05,0.00011467353793815818
UBA7,7.33548043100239e-06,3.7852303948595895e-06
UBB,0.0009033972643180313,0.0010394160201227414
UBC,0.0009033972643180313,0.0010394160201227414
UBE2I,7.348429010025801e-05,2.0383928613943256e-05
UBE2K,3.215310841828301e-05,9.609587308204418e-06
UBE2L3,0.00014601038535278358,0.00011889793546763864
UBE2M,3.2215422200125896e-05,1.2316781973675576e-05
UBE2N,0.00025553950439095635,0.00016511686488101314
UBE2NL,0.00025553950439095635,0.00016511686488101314
UBE2V1,0.00011035642282352904,3.918755985405864e-05
UBQLN2,5.109308529475053e-05,7.986591091685368e-06
UBR4,4.436082796839228e-06,1.6806616638648578e-05
UBTF,5.017122676954889e-05,1.1358919275778789e-05
UBXN1,2.832621109503358e-05,1.0326663748863365e-05
UBXN4,1.0514547296754928e-05,7.994514588267235e-05
UCHL1,0.0003082657568185946,0.00010991503804649261
UCHL3,3.396888062837529e-05,6.814793986078178e-05
UFC1,2.5151801702666208e-05,2.16384822394055e-05
UFL1,1.8485732694199725e-05,3.007260415654816e-05
UFM1,5.0855774980586574e-05,4.181698686789295e-05
UGGT1,3.0866601847529034e-05,0.001173191054079926
UGP2,7.100318175684185e-05,0.00028150019066954543
UPF1,9.77681957279783e-06,1.838544669829463e-05
UQCRB,0.00012645602349580057,0.0006540699696912861
UQCRC1,0.00013293653635556413,0.0019559298043756376
UQCRC2,0.00016329463044082492,0.002544762985542887
UQCRFS1,0.00014286217424820777,0.001180263508436333
UQCRFS1P1,0.00014286217424820777,0.001180263508436333
UQCRQ,3.8917727154541624e-05,0.00012580898526404468
USMG5,2.7707068264551354e-05,0.00045479403065733605
USO1,3.2763096904525424e-05,7.53054984397348e-05
USP14,3.02228868298768e-05,0.00014013730824958715
USP5,7.204348464830414e-05,0.00010654901931338105
USP7,3.306262062395069e-05,1.7201324153560092e-06
UTP18,1.500858753179662e-05,5.020562204539897e-06
VAC14,9.37788288697886e-06,0.0003428232854421035
VAMP2,0.0001781475539699122,0.0002723335121471256
VAMP3,4.093015716325925e-05,0.0002723335121471256
VAMP8,2.3947483476907357e-05,0.0002867425374126685
VAPA,7.530773108118279e-05,0.00036832520592226
VAPB,7.736304196555004e-05,3.233520262492568e-05
VARS,7.518727918329058e-05,0.00015992257267734492
VASP,5.933139285108759e-05,0.0001564890574918693
VAT1,9.37290420853265e-05,0.004927534485412053
VAV1,2.1957337069299786e-05,0.00011092455020358972
VCL,4.0238743194041705e-05,0.00020458761637216443
VCP,0.00028045718775475273,0.001913671155939015
VDAC1,0.0005064227399157265,0.0027449046399441153
VDAC2,0.0003184360726664899,0.0015692925174641745
VDAC3,0.00010640339228787016,0.0004838896236659146
VIM,0.0008020472306530653,0.005966246194727518
VPS13C,1.9475024206904682e-05,0.0006958590775897243
VPS26A,1.5437657267404953e-05,0.0003262132889038198
VPS26B,2.6629124154997737e-05,2.1300999977585246e-05
VPS29,4.2369958849397356e-05,0.00027198135674348704
VPS35,4.47539428124798e-05,0.0005097596199085824
VPS37B,1.0117156410292242e-06,5.377706476396634e-06
VPS4A,1.1125920979823106e-05,2.6132865578342166e-05
VPS4B,4.957137631804573e-05,1.887699694920674e-05
VTA1,2.312967531616826e-05,4.768330896683804e-05
VTI1B,1.4566689669062765e-05,0.00014850686834272942
WARS,8.326799550655202e-05,0.00022712556220502999
WAS,4.233619216735491e-05,2.2172584601590593e-05
WASF2,0.00014828391492549886,6.74744426513231e-05
WASH1,3.914325325802845e-06,1.1597357830325706e-05
WASH2P,3.914325325802845e-06,1.1597357830325706e-05
WASH3P,3.914325325802845e-06,1.1597357830325706e-05
WDFY4,9.419559243649563e-06,6.975318157570073e-05
WDR1,0.00020071301252103706,0.0007622403711755861
WDR18,3.5394589442460015e-06,6.3735726116027445e-06
WDR36,1.1403582679780946e-06,9.669160263986603e-06
WDR81,8.942047769772247e-06,0.0002380717260014608
WDR91,1.5102279033040436e-05,0.00013570455210628723
WIBG,2.984719736035103e-05,2.152403173322298e-06
XPO1,3.8088174933758036e-05,0.00010761722403775124
XPO7,2.1250123826142046e-06,0.0001987623790703105
XRCC5,0.000293465390467621,0.00015172028640093096
XRCC6,0.00035296662049473656,0.00027625124101260417
XRN2,5.1872007567786764e-05,3.964829650715237e-06
YARS,1.8005551203252466e-05,8.803885090963111e-05
YBX1,0.00011893641226355365,0.00016976825083740534
YBX3,1.3360102932560276e-05,0.00016976825083740534
YWHAB,0.001234232454600381,0.0005808363188762912
YWHAE,0.0013589282743616503,0.0005529426762797564
YWHAG,0.0008945179519117446,0.0003042769418855034
YWHAH,0.0011498137419626324,0.0002403607361251112
YWHAQ,0.0003111392974453436,0.00012992039960152445
YWHAZ,0.0011435582733987642,0.0015329031257548603
ZC3HAV1,1.087018152528165e-05,6.66424755102271e-06
ZFR,3.684968851963043e-05,2.773370535071563e-06
ZMPSTE24,5.9735910474842234e-06,0.00015827918079369847
ZNF22,3.412745555195038e-05,1.600986503791642e-05
ZYX,6.664964866069141e-05,7.424463028627374e-05
