chrX	9803544
chrX	91439067
chrX	91431385
chrX	91402220
chrX	91393737
chrX	86436251
chrX	73668829
chrX	46466775
chrX	46324593
chrX	43591500
chrx	118527877
chrx	105278361
chr9	93488534
chr9	90192991
chr9	90145115
chr9	89725269
chr9	88700060
chr9	88693460
chr9	86214149
chr9	81897365
chr9	8125410
chr9	8095638
chr9	78614020
chr9	74299300
chr9	6248035
chr9	3929424
chr9	3928115
chr9	3927841
chr9	3927804
chr9	3927704
chr9	38189527
chr9	37036247
chr9	36972795
chr9	35960464
chr9	35722282
chr9	3388125
chr9	31546472
chr9	28753982
chr9	28414339
chr9	2833267
chr9	2828765
chr9	27595995
chr9	27572634
chr9	27543281
chr9	2742771
chr9	20145988
chr9	16231985
chr9	16161233
chr9	1521204
chr9	135914352
chr9	134388446
chr9	132898193
chr9	129356304
chr9	125150888
chr9	121470375
chr9	121451886
chr9	112611379
chr9	107630433
chr9	106024220
chr9	10395255
chr8	98364076
chr8	9790737
chr8	96460689
chr8	96054000
chr8	96050557
chr8	96000919
chr8	95980708
chr8	95976251
chr8	95971921
chr8	95964004
chr8	95960511
chr8	95853708
chr8	9257853
chr8	91652087
chr8	8999019
chr8	81089866
chr8	78277473
chr8	70430077
chr8	52739150
chr8	4401124
chr8	3863111
chr8	37039365
chr8	31228770
chr8	29042453
chr8	27556526
chr8	27536916
chr8	27520745
chr8	27510430
chr8	27505756
chr8	27494612
chr8	27487790
chr8	27480025
chr8	27468862
chr8	27467686
chr8	27466315
chr8	27466181
chr8	27464929
chr8	27464519
chr8	27462481
chr8	27461095
chr8	27456253
chr8	27455442
chr8	27453022
chr8	27448729
chr8	27447024
chr8	27444277
chr8	27430506
chr8	27429228
chr8	27422740
chr8	27402777
chr8	27330096
chr8	27291749
chr8	27230819
chr8	27219987
chr8	27195121
chr8	27171486
chr8	27155952
chr8	26773511
chr8	20647323
chr8	17585129
chr8	17496561
chr8	144621035
chr8	144284709
chr8	133411607
chr8	131746789
chr8	125312660
chr8	125284359
chr8	123985708
chr8	122909687
chr8	118537689
chr8	118185733
chr8	116679547
chr8	109629903
chr8	109614094
chr8	108086678
chr8	10641965
chr8	10334781
chr8	101682777
chr7	99978406
chr7	99971834
chr7	99971313
chr7	99961194
chr7	99932049
chr7	99820801
chr7	99774327
chr7	99728790
chr7	99472686
chr7	94949663
chr7	91746727
chr7	91732110
chr7	91709085
chr7	91586389
chr7	90904938
chr7	90903659
chr7	90903640
chr7	90260649
chr7	88406552
chr7	70882163
chr7	6426941
chr7	5892134
chr7	55192256
chr7	51578022
chr7	51143605
chr7	48233391
chr7	37901002
chr7	37844263
chr7	37841534
chr7	37690507
chr7	37619922
chr7	31991724
chr7	29241445
chr7	29070209
chr7	28256240
chr7	28224053
chr7	28196413
chr7	28144801
chr7	28142186
chr7	25718804
chr7	23570584
chr7	22766645
chr7	22704626
chr7	19200815
chr7	18698331
chr7	16762471
chr7	1552420
chr7	150218117
chr7	14888418
chr7	146897403
chr7	145962186
chr7	145950029
chr7	143141475
chr7	143122924
chr7	143122457
chr7	143110762
chr7	143109139
chr7	143108841
chr7	143108158
chr7	143107876
chr7	143107588
chr7	143099133
chr7	132110923
chr7	132037683
chr7	131287990
chr7	130438214
chr7	130433384
chr7	128668510
chr7	12283787
chr7	12267837
chr7	12258755
chr7	122017812
chr7	107987085
chr7	103625877
chr7	103598671
chr7	10316762
chr7	100804430
chr7	100746658
chr7	100163115
chr7	100091795
chr7	100013457
chr7	100004446
chr6	96214299
chr6	81516036
chr6	7281654
chr6	72356760
chr6	72139572
chr6	70594414
chr6	69615615
chr6	67721488
chr6	63061935
chr6	57618491
chr6	57299092
chr6	56303963
chr6	56298722
chr6	53255776
chr6	52657552
chr6	50803050
chr6	47678182
chr6	47549629
chr6	47487762
chr6	47453378
chr6	47452270
chr6	47432637
chr6	47431284
chr6	47397746
chr6	46185484
chr6	43528441
chr6	42940673
chr6	41340572
chr6	41336101
chr6	41164788
chr6	41154650
chr6	41138049
chr6	41129252
chr6	41129207
chr6	41034000
chr6	40942196
chr6	40810012
chr6	40801731
chr6	3979751
chr6	34302869
chr6	33825358
chr6	32682862
chr6	32682308
chr6	32669833
chr6	32659319
chr6	32607141
chr6	32583357
chr6	32578530
chr6	32578530
chr6	32577497
chr6	32575406
chr6	32570400
chr6	32550322
chr6	32510482
chr6	32506910
chr6	32431147
chr6	32419117
chr6	32373801
chr6	32337630
chr6	32290954
chr6	32172993
chr6	32088854
chr6	32046275
chr6	32030284
chr6	32024395
chr6	32021130
chr6	31930441
chr6	31917540
chr6	31893944
chr6	31861141
chr6	31843924
chr6	31839309
chr6	31812038
chr6	31295612
chr6	31237703
chr6	31114182
chr6	31081989
chr6	30253011
chr6	30139699
chr6	30033884
chr6	29822261
chr6	29523646
chr6	2838248
chr6	28358320
chr6	28331252
chr6	28264681
chr6	28257377
chr6	28193131
chr6	28184260
chr6	28184097
chr6	28183886
chr6	28177588
chr6	28177492
chr6	27248931
chr6	27143883
chr6	27091425
chr6	26114372
chr6	23378951
chr6	20763171
chr6	20731524
chr6	20717404
chr6	20675295
chr6	20613216
chr6	20578852
chr6	20542197
chr6	19350715
chr6	168583006
chr6	168476856
chr6	164572036
chr6	161029728
chr6	160716066
chr6	156499531
chr6	155575942
chr6	154761284
chr6	154753469
chr6	152140042
chr6	151207078
chr6	151034730
chr6	148423371
chr6	142384082
chr6	138807281
chr6	138137551
chr6	136077929
chr6	131298399
chr6	131282210
chr6	126792095
chr6	113459413
chr6	11334654
chr6	110027943
chr6	108945370
chr6	106577507
chr6	106576986
chr6	106573372
chr6	105485803
chr6	105293132
chr5	96323549
chr5	88223420
chr5	88215594
chr5	88181109
chr5	88138731
chr5	87506623
chr5	87493525
chr5	82861400
chr5	82860485
chr5	81362480
chr5	81325910
chr5	7896511
chr5	76439250
chr5	75015242
chr5	74892002
chr5	7478914
chr5	71245964
chr5	60950211
chr5	55856375
chr5	52665230
chr5	458841
chr5	35080145
chr5	30179013
chr5	29005985
chr5	179821728
chr5	177575266
chr5	174014114
chr5	170866296
chr5	167893708
chr5	160388643
chr5	157189618
chr5	15669967
chr5	153840472
chr5	141815488
chr5	14042376
chr5	139714564
chr5	139707439
chr5	139669386
chr5	130687137
chr5	1282414
chr5	127663579
chr5	124332103
chr5	123179749
chr5	123157422
chr5	120616307
chr5	120569311
chr5	120569108
chr5	120565523
chr5	11148693
chr5	11107513
chr5	107172269
chr4	96736478
chr4	96159817
chr4	95342789
chr4	90764699
chr4	90729602
chr4	90675238
chr4	90641340
chr4	86416554
chr4	858332
chr4	8378863
chr4	7733843
chr4	77110365
chr4	77087704
chr4	76952280
chr4	7667486
chr4	7622347
chr4	74321600
chr4	7420785
chr4	7420184
chr4	7419276
chr4	7417632
chr4	7417241
chr4	7390442
chr4	7353052
chr4	7330676
chr4	7329426
chr4	7329324
chr4	7329065
chr4	7328734
chr4	7328416
chr4	7326199
chr4	7314043
chr4	72961538
chr4	7285356
chr4	68550295
chr4	6303354
chr4	6267087
chr4	6267001
chr4	61771431
chr4	56668431
chr4	5101131
chr4	5098566
chr4	5097540
chr4	49029901
chr4	49000850
chr4	47792297
chr4	45182527
chr4	42412687
chr4	33203140
chr4	33079655
chr4	30468166
chr4	25263478
chr4	25249972
chr4	2103096
chr4	20761511
chr4	189989989
chr4	183117920
chr4	181885905
chr4	174094940
chr4	166751094
chr4	15737348
chr4	155683216
chr4	155678345
chr4	155677315
chr4	155668885
chr4	155668710
chr4	155666935
chr4	155662331
chr4	155654421
chr4	155347393
chr4	148324309
chr4	143625388
chr4	138326872
chr4	138288890
chr4	1291337
chr4	127661385
chr4	126774098
chr4	125864319
chr4	120061335
chr4	11723235
chr4	11711232
chr4	11630049
chr4	1159866
chr4	115053885
chr4	11026028
chr4	11024682
chr4	107973286
chr4	103188709
chr4	10062326
chr4	10050141
chr4	100304423
chr4	100292187
chr4	100288975
chr4	100287996
chr4	100287182
chr4	100283665
chr4	100282765
chr4	100280719
chr4	100272059
chr4	100265957
chr4	100247590
chr3	9479142
chr3	85884150
chr3	7285685
chr3	67457033
chr3	66905775
chr3	64927025
chr3	59893036
chr3	59890976
chr3	57226150
chr3	56739923
chr3	54353240
chr3	52584787
chr3	46452863
chr3	46450072
chr3	46449864
chr3	46446721
chr3	46425718
chr3	46422355
chr3	46400062
chr3	44687300
chr3	42906116
chr3	42571546
chr3	39796726
chr3	39772451
chr3	39749593
chr3	39523003
chr3	39493858
chr3	38168125
chr3	37774225
chr3	37234589
chr3	35142511
chr3	32322975
chr3	32321599
chr3	32320408
chr3	28928860
chr3	190670902
chr3	190669518
chr3	190663557
chr3	190657163
chr3	190606963
chr3	186335941
chr3	185834499
chr3	185513392
chr3	185505787
chr3	178524705
chr3	178514253
chr3	178160568
chr3	165289424
chr3	165284889
chr3	159952278
chr3	158323716
chr3	158042708
chr3	155035751
chr3	153370666
chr3	139523133
chr3	139278558
chr3	139255012
chr3	139250649
chr3	137650736
chr3	133494354
chr3	132097865
chr3	132076706
chr3	132076551
chr3	132075746
chr3	132074850
chr3	132066259
chr3	132066191
chr3	132062117
chr3	132044995
chr3	132042089
chr3	132042065
chr3	132035947
chr3	132034379
chr3	132034199
chr3	132033690
chr3	132031933
chr3	132024143
chr3	132015809
chr3	132009881
chr3	132007210
chr3	131948040
chr3	131944851
chr3	131944637
chr3	128336517
chr3	12396955
chr3	121785631
chr3	112822322
chr3	107544646
chr3	103975791
chr3	103960837
chr3	103928563
chr3	10135577
chr3	10133710
chr2	88895351
chr2	88518440
chr2	80854784
chr2	74155641
chr2	69365798
chr2	65082415
chr2	65066311
chr2	64959331
chr2	622827
chr2	61404931
chr2	61376463
chr2	60602892
chr2	59302877
chr2	59273581
chr2	58139965
chr2	56152750
chr2	5469833
chr2	53267773
chr2	50875879
chr2	47885476
chr2	47114100
chr2	46024212
chr2	46002160
chr2	44063731
chr2	43686245
chr2	43666991
chr2	37464230
chr2	34912850
chr2	27907473
chr2	25158008
chr2	241225364
chr2	240088475
chr2	234115337
chr2	234068476
chr2	234003117
chr2	233982205
chr2	233981912
chr2	232066651
chr2	228220769
chr2	228064180
chr2	227562139
chr2	216614926
chr2	208443586
chr2	208392215
chr2	208363062
chr2	208355330
chr2	208353957
chr2	205346667
chr2	202264156
chr2	193736382
chr2	185778428
chr2	17775032
chr2	17427585
chr2	172905689
chr2	172759319
chr2	170636642
chr2	169143035
chr2	166127928
chr2	166127283
chr2	163639107
chr2	161346447
chr2	161080841
chr2	158977794
chr2	154231414
chr2	149568729
chr2	149568396
chr2	149558625
chr2	149557860
chr2	142959931
chr2	134332761
chr2	132589235
chr2	132586854
chr2	132586670
chr2	132586232
chr2	132585990
chr2	132585810
chr2	132585113
chr2	132584650
chr2	132583278
chr2	132582511
chr2	12871192
chr2	128041834
chr2	127962493
chr2	127894615
chr2	127892810
chr2	127891427
chr2	127889637
chr2	127888121
chr2	127887985
chr2	127873035
chr2	127868435
chr2	127862133
chr2	127852021
chr2	127842383
chr2	127841337
chr2	127839781
chr2	127796020
chr2	123141545
chr2	123136890
chr2	123127789
chr2	123126479
chr2	119867708
chr2	119845317
chr2	119840084
chr2	118836025
chr2	113590390
chr2	113542960
chr2	107678488
chr2	106642554
chr2	10485409
chr2	10478936
chr2	101549843
chr22	50960101
chr22	45764874
chr22	45354131
chr22	44276171
chr22	44274202
chr22	44272236
chr22	44269322
chr22	44265475
chr22	44255832
chr22	44250570
chr22	44245179
chr22	44245081
chr22	44244621
chr22	44244302
chr22	44243774
chr22	44242067
chr22	44240685
chr22	44239499
chr22	44229492
chr22	44225873
chr22	44225794
chr22	44219108
chr22	44209288
chr22	42218856
chr22	41613303
chr22	41601385
chr22	41216746
chr22	39529429
chr22	32745916
chr22	30757295
chr22	30426069
chr22	28151825
chr22	23631801
chr22	21982892
chr22	21973319
chr21	46684517
chr21	44100015
chr21	43678066
chr21	41507695
chr21	40581530
chr21	33248704
chr21	29275627
chr21	28696476
chr21	28156856
chr21	27533022
chr21	27531267
chr21	27522908
chr21	27517077
chr21	27514373
chr21	27508060
chr21	27502723
chr21	27501142
chr21	27500660
chr21	27473875
chr21	27103614
chr21	27097458
chr21	26974251
chr21	26971388
chr21	26956281
chr21	26948310
chr21	26941960
chr21	26940815
chr21	26920056
chr21	26919569
chr21	26919416
chr21	26890068
chr21	26649760
chr21	22355846
chr21	20740552
chr21	15728797
chr20	59947044
chr20	58898209
chr20	56138621
chr20	55018260
chr20	54998544
chr20	54997568
chr20	54977506
chr20	4677092
chr20	44777295
chr20	44742064
chr20	36399580
chr20	35112251
chr20	34820056
chr20	33923566
chr20	33713639
chr20	33706822
chr20	33645649
chr20	33644358
chr20	33638588
chr20	33626216
chr20	30018854
chr20	30010483
chr20	25599560
chr20	23636980
chr20	23618427
chr20	1704114
chr20	1148783
chr20	1146136
chr20	1137204
chr20	1136656
chr20	1136156
chr20	1135413
chr20	1134900
chr1	96944797
chr1	93521092
chr1	90539764
chr1	89588380
chr1	89584069
chr1	89566096
chr1	8768130
chr1	84314754
chr1	84254735
chr1	74991644
chr1	74351848
chr1	72812440
chr1	72284911
chr1	66796226
chr1	6494743
chr1	58099707
chr1	57739164
chr1	56852267
chr1	56850686
chr1	55631782
chr1	55338679
chr1	54755091
chr1	54576639
chr1	54574610
chr1	54572243
chr1	54568488
chr1	54563156
chr1	54561916
chr1	54558101
chr1	54553207
chr1	54551875
chr1	54538700
chr1	54497040
chr1	54491802
chr1	54488948
chr1	54488250
chr1	54487596
chr1	54487125
chr1	54476931
chr1	53968219
chr1	50559820
chr1	50443589
chr1	50290101
chr1	50185075
chr1	49930749
chr1	48647124
chr1	47187255
chr1	40324666
chr1	33143896
chr1	33108400
chr1	33080061
chr1	238521637
chr1	238472076
chr1	231844347
chr1	230845977
chr1	226755971
chr1	219588803
chr1	218705513
chr1	214163675
chr1	214148246
chr1	214145706
chr1	214118090
chr1	207804141
chr1	207802552
chr1	207796065
chr1	207795320
chr1	207786828
chr1	207786289
chr1	207784968
chr1	207750568
chr1	207692049
chr1	207685786
chr1	207679307
chr1	207324781
chr1	207009910
chr1	203672867
chr1	203156080
chr1	196840272
chr1	196686918
chr1	194357336
chr1	193634651
chr1	193625233
chr1	193596256
chr1	193584062
chr1	19201919
chr1	185422604
chr1	182439086
chr1	180962282
chr1	178545003
chr1	178521916
chr1	177889480
chr1	17609745
chr1	171119200
chr1	171119021
chr1	171116404
chr1	171097561
chr1	171091875
chr1	171080485
chr1	171078569
chr1	171077198
chr1	171071883
chr1	171069959
chr1	168602862
chr1	165448157
chr1	165445530
chr1	16340460
chr1	161155392
chr1	159062973
chr1	157804648
chr1	156106185
chr1	154544651
chr1	154516578
chr1	154437896
chr1	154426970
chr1	154426264
chr1	154420087
chr1	154411419
chr1	153939130
chr1	153913770
chr1	153876975
chr1	153854036
chr1	153848996
chr1	153792958
chr1	153780298
chr1	153779412
chr1	153777848
chr1	153776666
chr1	153769400
chr1	151736876
chr1	149922960
chr1	14358424
chr1	11856378
chr1	11547064
chr1	114516330
chr1	114512083
chr1	114053118
chr1	113962031
chr1	113923375
chr1	110474442
chr1	110136678
chr19	6636839
chr19	6614662
chr19	58774071
chr19	56693620
chr19	55562402
chr19	51797119
chr19	51728477
chr19	51727962
chr19	47569003
chr19	46345886
chr19	46276056
chr19	46241841
chr19	46202172
chr19	46098885
chr19	45729275
chr19	45728123
chr19	45726106
chr19	45708888
chr19	45708758
chr19	45690889
chr19	45589595
chr19	45543787
chr19	45487420
chr19	45482884
chr19	45458235
chr19	45449284
chr19	45448036
chr19	45422946
chr19	45421254
chr19	45415640
chr19	45414451
chr19	45413576
chr19	45412079
chr19	45411941
chr19	45410444
chr19	45410002
chr19	45408836
chr19	45406673
chr19	45404579
chr19	45403412
chr19	45403216
chr19	45401666
chr19	45399896
chr19	45396673
chr19	45396219
chr19	45396144
chr19	45395909
chr19	45395714
chr19	45395619
chr19	45395266
chr19	45394336
chr19	45392254
chr19	45390333
chr19	45389596
chr19	45388130
chr19	45387596
chr19	45387459
chr19	45385759
chr19	45383061
chr19	45382034
chr19	45379791
chr19	45379060
chr19	45362667
chr19	45361224
chr19	45351746
chr19	45351516
chr19	45329214
chr19	45326664
chr19	45313715
chr19	45254168
chr19	45253104
chr19	45247627
chr19	45242173
chr19	45242107
chr19	45237812
chr19	45231478
chr19	45227742
chr19	45225345
chr19	45202027
chr19	45165912
chr19	45146103
chr19	45074177
chr19	45050747
chr19	44633953
chr19	44614208
chr19	44613661
chr19	44612231
chr19	44611420
chr19	44600377
chr19	44599615
chr19	44493142
chr19	3647901
chr19	36149761
chr19	36024925
chr19	34656406
chr19	34309532
chr19	3405592
chr19	33652356
chr19	29736342
chr19	19361735
chr19	18533642
chr19	17742469
chr19	1400866
chr19	1207238
chr19	1082844
chr19	1075979
chr19	1073073
chr19	1065945
chr19	1063443
chr19	1056492
chr19	1053524
chr19	1050420
chr19	1050130
chr19	1046520
chr19	1044712
chr19	10394792
chr19	1039323
chr19	1031212
chr19	1021627
chr19	1001777
chr18	77381649
chr18	76503253
chr18	74709351
chr18	71058622
chr18	6434981
chr18	61725540
chr18	60233646
chr18	59616030
chr18	5956470
chr18	57839769
chr18	56752054
chr18	56543095
chr18	56189459
chr18	53155002
chr18	49770823
chr18	47131781
chr18	47021774
chr18	44687303
chr18	42968534
chr18	4133739
chr18	30215056
chr18	29088958
chr18	29068068
chr18	27794347
chr18	21140432
chr18	1872317
chr18	13890199
chr17	77049701
chr17	75944650
chr17	73871773
chr17	72975748
chr17	7286326
chr17	7192091
chr17	64321567
chr17	64219197
chr17	64032552
chr17	61569732
chr17	61566031
chr17	61562309
chr17	61550529
chr17	61548948
chr17	61548476
chr17	61545779
chr17	61538148
chr17	59687842
chr17	56409089
chr17	56404349
chr17	5138980
chr17	5137047
chr17	4984447
chr17	4766937
chr17	47532356
chr17	47531241
chr17	47498253
chr17	47450775
chr17	47378771
chr17	47333067
chr17	47297297
chr17	45374994
chr17	44847834
chr17	44843136
chr17	44800046
chr17	44355683
chr17	44353222
chr17	44105395
chr17	44081064
chr17	44076063
chr17	44056767
chr17	44054433
chr17	44019712
chr17	43986179
chr17	43977827
chr17	43803189
chr17	43719143
chr17	42430244
chr17	42423556
chr17	42420592
chr17	38753550
chr17	38231853
chr17	38160754
chr17	36941072
chr17	36098040
chr17	35176539
chr17	35174912
chr17	34386090
chr17	34345661
chr17	34306470
chr17	34305164
chr17	34305071
chr17	34305048
chr17	34304264
chr17	34303771
chr17	34303312
chr17	34295254
chr17	34293003
chr17	34287400
chr17	32660149
chr17	29705947
chr17	26084532
chr17	19559468
chr17	18661327
chr17	10223714
chr16	87111630
chr16	86581191
chr16	86374208
chr16	86277441
chr16	81942028
chr16	81772536
chr16	79682751
chr16	79355857
chr16	78231494
chr16	75246419
chr16	73737373
chr16	72048632
chr16	71432507
chr16	70736752
chr16	70704974
chr16	70694000
chr16	70115519
chr16	66144173
chr16	59890698
chr16	58141827
chr16	56498511
chr16	54155742
chr16	53830465
chr16	53812614
chr16	53803574
chr16	53800754
chr16	48632478
chr16	3971681
chr16	3959437
chr16	3956074
chr16	3951740
chr16	3939457
chr16	3938602
chr16	3917531
chr16	3890293
chr16	3864502
chr16	3834316
chr16	3773490
chr16	3773164
chr16	3748761
chr16	3748679
chr16	3747204
chr16	3746241
chr16	3745883
chr16	3745273
chr16	3744912
chr16	3742348
chr16	3738286
chr16	3738078
chr16	3737375
chr16	31133100
chr16	31122571
chr16	31068392
chr16	28885659
chr16	24508117
chr16	23366422
chr16	20364588
chr16	19933600
chr16	19916895
chr16	19808163
chr16	14379931
chr16	13315655
chr16	13061611
chr16	11042239
chr15	98717677
chr15	98715661
chr15	97939238
chr15	91764992
chr15	90630892
chr15	89400339
chr15	85430969
chr15	82241024
chr15	81591639
chr15	80639403
chr15	78832349
chr15	68086838
chr15	64725490
chr15	64675313
chr15	63569902
chr15	62687339
chr15	62171479
chr15	59061142
chr15	59045774
chr15	59022615
chr15	51679783
chr15	51516055
chr15	51040798
chr15	51008687
chr15	50802267
chr15	50731154
chr15	50432494
chr15	43658935
chr15	42285495
chr15	38241589
chr15	37193281
chr15	102186966
chr14	95362271
chr14	95155776
chr14	94863636
chr14	93116124
chr14	92993336
chr14	92938855
chr14	92934120
chr14	92932828
chr14	92926952
chr14	92191350
chr14	91885706
chr14	89776745
chr14	80242216
chr14	79936964
chr14	78775306
chr14	75279039
chr14	75110437
chr14	75073048
chr14	74275989
chr14	73680106
chr14	73664853
chr14	58015081
chr14	53400629
chr14	53391680
chr14	53365816
chr14	53357018
chr14	53353454
chr14	53240035
chr14	39818616
chr14	34310413
chr14	33381098
chr14	32952367
chr14	30515112
chr14	24401749
chr14	107233999
chr14	107160690
chr14	106970119
chr14	105385352
chr14	100037018
chr13	99131294
chr13	91829564
chr13	91828308
chr13	90521528
chr13	90014489
chr13	77463236
chr13	77310793
chr13	77225602
chr13	76558153
chr13	71420424
chr13	59845468
chr13	53613331
chr13	53504675
chr13	53230983
chr13	51846605
chr13	50107289
chr13	46516468
chr13	44166019
chr13	34950527
chr13	34654918
chr13	33147052
chr13	32887389
chr13	28426759
chr13	28020180
chr13	26724328
chr13	21900055
chr13	114835802
chr13	113770876
chr13	113605534
chr13	109808286
chr13	109804774
chr13	107067203
chr13	103663945
chr13	102045479
chr12	95330273
chr12	95328473
chr12	95324389
chr12	85264735
chr12	85257227
chr12	71411561
chr12	66575118
chr12	66461019
chr12	66374247
chr12	66212318
chr12	66160971
chr12	65664975
chr12	5767385
chr12	57637593
chr12	57320711
chr12	56401085
chr12	54063493
chr12	54058238
chr12	53927554
chr12	53524259
chr12	50247468
chr12	47639526
chr12	43967677
chr12	40445750
chr12	40276303
chr12	39309714
chr12	39306767
chr12	39297028
chr12	39285106
chr12	39284958
chr12	39258649
chr12	39256950
chr12	39250684
chr12	39243193
chr12	39219018
chr12	39215652
chr12	39168186
chr12	31241345
chr12	29921667
chr12	2345295
chr12	22004198
chr12	21999863
chr12	21994111
chr12	21457434
chr12	13930857
chr12	13923328
chr12	13916300
chr12	13870464
chr12	133207412
chr12	132057829
chr12	132026957
chr12	131022010
chr12	123518866
chr12	119390525
chr12	119387918
chr12	119367827
chr12	118893248
chr12	117784911
chr12	117295333
chr12	115865303
chr12	115380393
chr12	113434518
chr12	112841242
chr12	11204740
chr12	108842376
chr12	108736352
chr12	102922986
chr12	101687043
chr11	99757729
chr11	991530
chr11	99076937
chr11	986185
chr11	98516756
chr11	97051784
chr11	97051604
chr11	95537358
chr11	94697142
chr11	92769748
chr11	924904
chr11	8604593
chr11	85868640
chr11	85867875
chr11	85859483
chr11	85858538
chr11	85854007
chr11	85850243
chr11	85838808
chr11	85820077
chr11	85815030
chr11	85811364
chr11	85800279
chr11	85788351
chr11	85787824
chr11	85786287
chr11	85782667
chr11	85776544
chr11	85757589
chr11	85743373
chr11	85725937
chr11	85704066
chr11	85686096
chr11	85681583
chr11	85677471
chr11	85671702
chr11	85547503
chr11	8329618
chr11	80377052
chr11	78204380
chr11	78091150
chr11	78045071
chr11	78001248
chr11	77996403
chr11	77992967
chr11	77990260
chr11	77966034
chr11	77941076
chr11	77936166
chr11	77930499
chr11	76434820
chr11	76308272
chr11	74033066
chr11	72065209
chr11	68967641
chr11	63605177
chr11	62334096
chr11	60102507
chr11	60102384
chr11	60100429
chr11	60079651
chr11	60060016
chr11	60034429
chr11	60028142
chr11	60026613
chr11	60022320
chr11	60021948
chr11	60001573
chr11	60000326
chr11	59989430
chr11	59971795
chr11	59968741
chr11	59964992
chr11	59959843
chr11	59958380
chr11	59947252
chr11	59945745
chr11	59942815
chr11	59942757
chr11	59939307
chr11	59936926
chr11	59923508
chr11	59900106
chr11	59877967
chr11	59838621
chr11	59837097
chr11	59831930
chr11	58354619
chr11	57356907
chr11	50001972
chr11	48333360
chr11	47662932
chr11	47650993
chr11	47600438
chr11	47581443
chr11	47566352
chr11	47557871
chr11	47539697
chr11	47447346
chr11	47434986
chr11	47419663
chr11	47410888
chr11	47394305
chr11	47380340
chr11	47370957
chr11	47365199
chr11	47293799
chr11	47232038
chr11	4707034
chr11	46911956
chr11	45839889
chr11	45711030
chr11	45710652
chr11	45709976
chr11	31818119
chr11	27757622
chr11	27749725
chr11	27745764
chr11	27744859
chr11	27731983
chr11	27725986
chr11	27701365
chr11	27695464
chr11	27684517
chr11	27679916
chr11	27670910
chr11	27670108
chr11	27667202
chr11	27659775
chr11	2737905
chr11	26694842
chr11	26662546
chr11	18120647
chr11	18095582
chr11	132693210
chr11	131978261
chr11	131978156
chr11	131946778
chr11	131935274
chr11	130035598
chr11	129988005
chr11	129834519
chr11	125193596
chr11	124606285
chr11	121497884
chr11	121494089
chr11	121494027
chr11	121493001
chr11	121489416
chr11	121486814
chr11	121483401
chr11	121482938
chr11	121481407
chr11	121478958
chr11	121478495
chr11	121477816
chr11	121477096
chr11	121475922
chr11	121474239
chr11	121473598
chr11	121473391
chr11	121468256
chr11	121464946
chr11	121464088
chr11	121460846
chr11	121460324
chr11	121456962
chr11	121453517
chr11	121452651
chr11	121452034
chr11	121451940
chr11	121451926
chr11	121448254
chr11	121448090
chr11	121446548
chr11	121445940
chr11	121442189
chr11	121441520
chr11	121439665
chr11	121439181
chr11	121435587
chr11	121434556
chr11	121434428
chr11	121433793
chr11	121431354
chr11	121427259
chr11	121426870
chr11	121426042
chr11	121424882
chr11	121423640
chr11	121415312
chr11	121414476
chr11	121408956
chr11	121404551
chr11	121393226
chr11	121382871
chr11	121380965
chr11	121375951
chr11	121371120
chr11	121369250
chr11	121367921
chr11	121367626
chr11	121364003
chr11	121362316
chr11	121361015
chr11	121360884
chr11	121359265
chr11	121349111
chr11	121340233
chr11	121337993
chr11	121329396
chr11	121328954
chr11	121324207
chr11	121321754
chr11	11863410
chr11	118430519
chr11	116678413
chr11	116677723
chr11	110889940
chr11	110888592
chr11	110888484
chr11	105844923
chr11	102771140
chr11	102733163
chr11	102716980
chr11	102716321
chr11	102713620
chr11	102708787
chr11	102698724
chr11	102695108
chr11	102691482
chr11	102680229
chr10	97354914
chr10	96650328
chr10	94492716
chr10	94436851
chr10	94347830
chr10	93624672
chr10	91818287
chr10	91788788
chr10	91740936
chr10	91162182
chr10	90973492
chr10	90757787
chr10	8967522
chr10	85791923
chr10	85628215
chr10	81787665
chr10	80942620
chr10	78737595
chr10	78646536
chr10	71538292
chr10	69934258
chr10	69900445
chr10	69686806
chr10	69655256
chr10	69556732
chr10	68598470
chr10	63611354
chr10	63584533
chr10	62300383
chr10	62179812
chr10	60148692
chr10	59938336
chr10	59758643
chr10	566379
chr10	53818149
chr10	53045264
chr10	45078943
chr10	43484163
chr10	43483264
chr10	43479723
chr10	43341105
chr10	3155237
chr10	30096628
chr10	28504944
chr10	26798222
chr10	23146430
chr10	20390641
chr10	19160029
chr10	19074461
chr10	19062256
chr10	19034951
chr10	19017942
chr10	19005039
chr10	19002887
chr10	17068251
chr10	16556710
chr10	16299951
chr10	13810427
chr10	131650401
chr10	130442181
chr10	12975450
chr10	127834566
chr10	126502141
chr10	126459755
chr10	126424752
chr10	126182297
chr10	126172863
chr10	126106965
chr10	125866024
chr10	124167512
chr10	124120457
chr10	122299376
chr10	121665773
chr10	11721119
chr10	11720308
chr10	11717397
chr10	11712965
chr10	116030773
chr10	114915214
chr10	114861304
chr10	114821249
chr10	114789077
chr10	114782287
chr10	114752503
chr10	114748497
chr10	114745788
chr10	11049977
chr10	109201672
chr10	108923118
chr10	108914445
chr10	108890136
chr10	108862960
chr10	108862741
chr10	108862127
chr10	108718454
chr10	108716784
chr10	108712398
chr10	108712233
chr10	108710127
chr10	108709892
chr10	108709366
chr10	108706198
chr10	108706022
chr10	108704547
chr10	108695777
chr10	108659048
chr10	108658597
chr10	108657180
chr10	108653483
chr10	108653167
chr10	108650174
chr10	108563116
chr10	108562008
chr10	108557945
chr10	107025028
chr10	107023390
chr10	107013252
chr10	106993770
chr10	106990399
chr10	106807189
chr10	106622009
chr10	106621704
chr10	106620304
chr10	106616736
chr10	106615387
chr10	106613330
chr10	106609900
chr10	106608435
chr10	106605440
chr10	105218252
chr10	105170649
chr10	104623578
chr10	102501571
chr10	101433392
